-- MySQL dump 10.13  Distrib 5.6.23, for Win64 (x86_64)
--
-- Host: errorage.com    Database: errorage_ZaznajSpoznaj
-- ------------------------------------------------------
-- Server version	5.1.59-log

/*!40101 SET @OLD_CHARACTER_SET_CLIENT=@@CHARACTER_SET_CLIENT */;
/*!40101 SET @OLD_CHARACTER_SET_RESULTS=@@CHARACTER_SET_RESULTS */;
/*!40101 SET @OLD_COLLATION_CONNECTION=@@COLLATION_CONNECTION */;
/*!40101 SET NAMES utf8 */;
/*!40103 SET @OLD_TIME_ZONE=@@TIME_ZONE */;
/*!40103 SET TIME_ZONE='+00:00' */;
/*!40014 SET @OLD_UNIQUE_CHECKS=@@UNIQUE_CHECKS, UNIQUE_CHECKS=0 */;
/*!40014 SET @OLD_FOREIGN_KEY_CHECKS=@@FOREIGN_KEY_CHECKS, FOREIGN_KEY_CHECKS=0 */;
/*!40101 SET @OLD_SQL_MODE=@@SQL_MODE, SQL_MODE='NO_AUTO_VALUE_ON_ZERO' */;
/*!40111 SET @OLD_SQL_NOTES=@@SQL_NOTES, SQL_NOTES=0 */;

--
-- Table structure for table `zs_class`
--

DROP TABLE IF EXISTS `zs_class`;
/*!40101 SET @saved_cs_client     = @@character_set_client */;
/*!40101 SET character_set_client = utf8 */;
CREATE TABLE `zs_class` (
  `class_id` int(11) NOT NULL AUTO_INCREMENT,
  `class_created_user_id` int(11) DEFAULT NULL,
  `class_created_user_ip` varchar(45) DEFAULT NULL,
  `class_created_datetime` datetime DEFAULT NULL,
  `class_name` varchar(255) DEFAULT NULL,
  `class_description` text,
  `class_glyph` varchar(255) DEFAULT NULL,
  `class_is_public` tinyint(4) DEFAULT '0' COMMENT '0 if not deleted, 1 if deleted',
  `class_deleted` int(11) DEFAULT '0',
  PRIMARY KEY (`class_id`)
) ENGINE=MyISAM AUTO_INCREMENT=36 DEFAULT CHARSET=utf8;
/*!40101 SET character_set_client = @saved_cs_client */;

--
-- Dumping data for table `zs_class`
--

LOCK TABLES `zs_class` WRITE;
/*!40000 ALTER TABLE `zs_class` DISABLE KEYS */;
INSERT INTO `zs_class` VALUES (33,9,'123.123.123.123','2015-09-28 14:40:49','Kon??ne igre (ZSSM)','ZSSM naj v ta razred vstavi kon??en nabor iger.','files/prikazne slike/sport.svg',0,0),(34,17,'123.123.123.123','2015-09-29 15:13:05','Brajica','Brajica je pisava, ki slepim osebam omogo??a branje in pisanje. Izumil jo je Louis Braille, po katerem se tudi imenuje.<br><br>??e ??eli?? brajico bolje spoznati in se v branju in pisanju tudi preizkusiti, potem si na pravem mestu!','files/prikazne slike/brajica.svg',0,0),(35,9,'123.123.123.123','2015-09-30 15:56:50','Desetprstno tipkanje','Osnovna navodila za u??enje tipkanja lahko odpre?? s tipko F9 med izvajanjem vaje. Vajo za??asno ustavi?? s tipko F12 (pavza).','files/prikazne slike/slepo_tipkanje.svg',0,0);
/*!40000 ALTER TABLE `zs_class` ENABLE KEYS */;
UNLOCK TABLES;

--
-- Table structure for table `zs_constant`
--

DROP TABLE IF EXISTS `zs_constant`;
/*!40101 SET @saved_cs_client     = @@character_set_client */;
/*!40101 SET character_set_client = utf8 */;
CREATE TABLE `zs_constant` (
  `constant_id` int(11) NOT NULL AUTO_INCREMENT,
  `constant_game_id` int(11) DEFAULT NULL,
  `constant_name` varchar(45) DEFAULT NULL,
  `constant_value` text,
  PRIMARY KEY (`constant_id`)
) ENGINE=MyISAM AUTO_INCREMENT=11661 DEFAULT CHARSET=utf8;
/*!40101 SET character_set_client = @saved_cs_client */;

--
-- Dumping data for table `zs_constant`
--

LOCK TABLES `zs_constant` WRITE;
/*!40000 ALTER TABLE `zs_constant` DISABLE KEYS */;
INSERT INTO `zs_constant` VALUES (11466,362,'zvocnik_off.svg','files/upload/14/2/zvocnik_off.svg'),(11465,362,'zvocnik_on.svg','files/upload/14/2/zvocnik_on.svg'),(11464,362,'tipkanje_uvod_curves-13.svg','files/upload/14/1/tipkanje_uvod_curves-13.svg'),(11463,362,'tipkanje_uvod_curves-12.svg','files/upload/14/1/tipkanje_uvod_curves-12.svg'),(11462,362,'tipkanje_uvod_curves-11.svg','files/upload/14/0/tipkanje_uvod_curves-11.svg'),(11461,362,'tipkanje_uvod_curves-10.svg','files/upload/14/0/tipkanje_uvod_curves-10.svg'),(11460,362,'tipkanje_uvod_curves-09.svg','files/upload/14/0/tipkanje_uvod_curves-09.svg'),(11459,362,'tipkanje_uvod_curves-08.svg','files/upload/14/0/tipkanje_uvod_curves-08.svg'),(11458,362,'tipkanje_uvod_curves-07.svg','files/upload/14/0/tipkanje_uvod_curves-07.svg'),(11457,362,'tipkanje_uvod_curves-06.svg','files/upload/14/0/tipkanje_uvod_curves-06.svg'),(11456,362,'tipkanje_uvod_curves-05.svg','files/upload/14/0/tipkanje_uvod_curves-05.svg'),(11455,362,'tipkanje_uvod_curves-04.svg','files/upload/14/0/tipkanje_uvod_curves-04.svg'),(11454,362,'tipkanje_uvod_curves-03.svg','files/upload/14/0/tipkanje_uvod_curves-03.svg'),(11453,362,'tipkanje_uvod_curves-02.svg','files/upload/14/0/tipkanje_uvod_curves-02.svg'),(11452,362,'tipkanje_uvod_curves-01.svg','files/upload/14/0/tipkanje_uvod_curves-01.svg'),(11451,362,'D_roka.svg','files/upload/14/0/D_roka.svg'),(11450,362,'L_roka.svg','files/upload/14/0/L_roka.svg'),(11449,362,'_manjse.mp3','files/tipkanje/zvoki/_manjse.mp3'),(11448,362,'_vecje.mp3','files/tipkanje/zvoki/_vecje.mp3'),(11447,362,'_podpicje.mp3','files/brajica/zvok/podpicje.mp3'),(11446,362,'_podcrtaj.mp3','files/tipkanje/zvoki/_podcrtaj.mp3'),(11445,362,'_enacaj.mp3','files/tipkanje/zvoki/_enacaj.mp3'),(11444,362,'_dvopicje.mp3','files/brajica/zvok/dvopicje.mp3'),(11443,362,'ch.mp3','files/brajica/zvok/CC.mp3'),(11442,362,'D_palec.svg','files/tipkanje/slike/D_palec.svg'),(11441,362,'arrow-caret-up-icon.png','files/tipkanje/slike/arrow-caret-up-icon.png'),(11440,362,'D_mezinec.svg','files/tipkanje/slike/D_mezinec.svg'),(11439,362,'L_palec.svg','files/tipkanje/slike/L_palec.svg'),(11438,362,'D_prstanec.svg','files/tipkanje/slike/D_prstanec.svg'),(11437,362,'L_prstanec.svg','files/tipkanje/slike/L_prstanec.svg'),(11436,362,'D_sredinec.svg','files/tipkanje/slike/D_sredinec.svg'),(11435,362,'tipkovnica.svg','files/tipkanje/slike/tipkovnica.svg'),(11434,362,'zvezda_polna.svg','files/tipkanje/slike/zvezda_polna.svg'),(11432,362,'D.svg','files/tipkanje/slike/D.svg'),(11431,362,'zvezda_prazna.svg','files/tipkanje/slike/zvezda_prazna.svg'),(11430,362,'tipkovnica_curves.svg','files/upload/14/0/tipkovnica_curves.svg'),(11429,362,'L_mezinec.svg','files/tipkanje/slike/L_mezinec.svg'),(11428,362,'D_kazalec.svg','files/tipkanje/slike/D_kazalec.svg'),(11427,362,'L_kazalec.svg','files/tipkanje/slike/L_kazalec.svg'),(11426,362,'pocasi.svg','files/tipkanje/slike/pocasi.svg'),(11425,362,'L_sredinec.svg','files/tipkanje/slike/L_sredinec.svg'),(11424,362,'L.svg','files/tipkanje/slike/L.svg'),(11423,362,'hitro.svg','files/tipkanje/slike/hitro.svg'),(11422,362,'_navednica.mp3','files/brajica/zvok/narekovj.mp3'),(11421,362,'9.mp3','files/brajica/zvok/9.mp3'),(11420,362,'z.mp3','files/brajica/zvok/Z.mp3'),(11419,362,'1.mp3','files/brajica/zvok/1.mp3'),(11418,362,'_posevnica.mp3','files/tipkanje/zvoki/_posevnica.mp3'),(11417,362,'s.mp3','files/brajica/zvok/S.mp3'),(11416,362,'n.mp3','files/brajica/zvok/N.mp3'),(11415,362,'_zvezdica.mp3','files/tipkanje/zvoki/_zvezdica.mp3'),(11414,362,'_vejica.mp3','files/brajica/zvok/vejica.mp3'),(11413,362,'m.mp3','files/brajica/zvok/M.mp3'),(11412,362,'d.mp3','files/brajica/zvok/D.mp3'),(11411,362,'zh.mp3','files/brajica/zvok/ZZ.mp3'),(11410,362,'c.mp3','files/brajica/zvok/C.mp3'),(11409,362,'p.mp3','files/brajica/zvok/P.mp3'),(11408,362,'_dolar.mp3','files/tipkanje/zvoki/_dolar.mp3'),(11407,362,'2.mp3','files/brajica/zvok/2.mp3'),(11406,362,'_klicaj.mp3','files/brajica/zvok/klicaj.mp3'),(11405,362,'_zaklepaj.mp3','files/brajica/zvok/zaklepaj.mp3'),(11404,362,'6.mp3','files/brajica/zvok/6.mp3'),(11403,362,'4.mp3','files/brajica/zvok/4.mp3'),(11402,362,'sh.mp3','files/brajica/zvok/SS.mp3'),(11401,362,'__napaka.wav','files/tipkanje/zvoki/__napaka.wav'),(11400,362,'k.mp3','files/brajica/zvok/K.mp3'),(11399,362,'__konec.wav','files/tipkanje/zvoki/__konec.wav'),(11398,362,'_plus.mp3','files/tipkanje/zvoki/_plus.mp3'),(11397,362,'3.mp3','files/brajica/zvok/3.mp3'),(11396,362,'u.mp3','files/brajica/zvok/U.mp3'),(11395,362,'i.mp3','files/brajica/zvok/I.mp3'),(11394,362,'prazen.svg','files/tipkanje/slike/prazen.svg'),(11393,362,'_in.mp3','files/tipkanje/zvoki/_in.mp3'),(11392,362,'f.mp3','files/brajica/zvok/F.mp3'),(11391,362,'_pika.mp3','files/brajica/zvok/pika.mp3'),(11390,362,'e.mp3','files/brajica/zvok/E.mp3'),(11389,362,'_oklepaj.mp3','files/tipkanje/zvoki/_oklepaj.mp3'),(11388,362,'_preslednica.mp3','files/tipkanje/zvoki/_preslednica.mp3'),(11387,362,'l.mp3','files/brajica/zvok/L.mp3'),(11386,362,'_apostrof.mp3','files/tipkanje/zvoki/_apostrof.mp3'),(11385,362,'v.mp3','files/brajica/zvok/V.mp3'),(11384,362,'0.mp3','files/brajica/zvok/0.mp3'),(11383,362,'o.mp3','files/brajica/zvok/O.mp3'),(11382,362,'5.mp3','files/brajica/zvok/5.mp3'),(11381,362,'7.mp3','files/brajica/zvok/7.mp3'),(11380,362,'g.mp3','files/brajica/zvok/G.mp3'),(11379,362,'_pomisljaj.mp3','files/tipkanje/zvoki/_pomisljaj.mp3'),(11378,362,'b.mp3','files/brajica/zvok/B.mp3'),(11377,362,'r.mp3','files/brajica/zvok/R.mp3'),(11376,362,'a.mp3','files/brajica/zvok/A.mp3'),(11375,362,'_vprasaj.mp3','files/brajica/zvok/vprasaj.mp3'),(11374,362,'8.mp3','files/brajica/zvok/8.mp3'),(11373,362,'_lojtra.mp3','files/tipkanje/zvoki/_lojtra.mp3'),(11372,362,'t.mp3','files/brajica/zvok/T.mp3'),(11371,362,'h.mp3','files/brajica/zvok/H.mp3'),(11370,362,'_procent.mp3','files/tipkanje/zvoki/_procent.mp3'),(11369,362,'j.mp3','files/brajica/zvok/J.mp3'),(11253,359,'FontBrailEot','files/brajica/font/BrailleSlo_6dot.eot'),(11252,359,'FontBrailTtf','files/brajica/font/BrailleSlo_6dot.ttf'),(11251,358,'FontBrailTtf','files/brajica/font/BrailleSlo_6dot.ttf'),(11250,358,'FontBrailEot','files/brajica/font/BrailleSlo_6dot.eot'),(11249,357,'FontBrailEot','files/brajica/font/BrailleSlo_6dot.eot'),(11248,357,'FontBrailTtf','files/brajica/font/BrailleSlo_6dot.ttf'),(11247,356,'FontBrailTtf','files/brajica/font/BrailleSlo_6dot.ttf'),(11246,356,'FontBrailEot','files/brajica/font/BrailleSlo_6dot.eot'),(11245,356,'UI_ZvezdaPrazna','files/brajica/slike/zvezda_prazna.svg'),(11244,356,'stCrk','10'),(11243,356,'UI_ZvezdaPolna','files/brajica/slike/zvezda_polna.svg'),(11242,356,'UI_Help','files/brajica/slike/question.png'),(11241,356,'UI_SoundFolder','files/brajica/zvok/'),(11240,356,'UI_Zvocnik_B','files/brajica/slike/zvocnik_B.svg'),(11239,356,'UI_Zvocnik_W','files/brajica/slike/zvocnik_W.svg'),(11229,354,'FontBrailTtf','files/brajica/font/BrailleSlo_6dot.ttf'),(11228,354,'FontBrailEot','files/brajica/font/BrailleSlo_6dot.eot'),(11227,354,'UI_ZvezdaPrazna','files/brajica/slike/zvezda_prazna.svg'),(11225,354,'stCrk','10'),(11226,354,'UI_ZvezdaPolna','files/brajica/slike/zvezda_polna.svg'),(11224,354,'UI_Help','files/brajica/slike/question.png'),(11223,354,'UI_SoundFolder','files/brajica/zvok/'),(11222,354,'UI_Zvocnik_B','files/brajica/slike/zvocnik_B.svg'),(11221,354,'UI_Zvocnik_W','files/brajica/slike/zvocnik_W.svg'),(10978,337,'UI_STAR_ROTATED','files/ui/games/zvezda_rotacija.svg'),(10977,337,'UI_LINE','files/ui/games/line.svg'),(10976,337,'gameType','6'),(10975,337,'UI_CharacterUnhappy','files/ui/games/zvezda_zalostna_senca.svg'),(10974,337,'UI_ExampleImage','files/ui/games/nazaj.svg'),(10973,337,'UI_EnlargeButtonOff','files/ui/games/min01.svg'),(10972,337,'UI_EnlargeButtonOn','files/ui/games/max01.svg'),(10971,337,'UI_LevelUpArrowInactive','files/ui/games/up_unactive.svg'),(10970,337,'UI_LevelUpArrow','files/ui/games/up.svg'),(10969,337,'UI_StarFull','files/ui/games/zvezda_polna.svg'),(10968,337,'UI_Star','files/ui/games/zvezda_prazna.svg'),(10967,337,'UI_ButtonExit','files/ui/games/x_izhod.svg'),(10966,337,'UI_ArrowContinue','files/ui/games/naprej_igra.svg'),(10965,337,'UI_Character','files/ui/games/star_shadow_game.svg'),(10964,337,'UI_SpeechBubble','files/ui/games/oblacek.svg'),(10963,337,'UI_ArrowBack','files/ui/games/nazaj_igra.svg'),(10946,335,'UI_STAR_ROTATED','files/ui/games/zvezda_rotacija.svg'),(10945,335,'gameType','7'),(10944,335,'UI_LINE','files/ui/games/line.svg'),(10943,335,'UI_CharacterUnhappy','files/ui/games/zvezda_zalostna_senca.svg'),(10942,335,'UI_ExampleImage','files/ui/games/nazaj.svg'),(10941,335,'UI_EnlargeButtonOff','files/ui/games/min01.svg'),(10940,335,'UI_EnlargeButtonOn','files/ui/games/max01.svg'),(10939,335,'UI_LevelUpArrowInactive','files/ui/games/up_unactive.svg'),(10938,335,'UI_LevelUpArrow','files/ui/games/up.svg'),(10937,335,'UI_StarFull','files/ui/games/zvezda_polna.svg'),(10936,335,'UI_Star','files/ui/games/zvezda_prazna.svg'),(10935,335,'UI_ButtonExit','files/ui/games/x_izhod.svg'),(10934,335,'UI_ArrowContinue','files/ui/games/naprej_igra.svg'),(10933,335,'UI_Character','files/ui/games/star_shadow_game.svg'),(10932,335,'UI_SpeechBubble','files/ui/games/oblacek.svg'),(10931,335,'UI_ArrowBack','files/ui/games/nazaj_igra.svg'),(10754,323,'UI_ArrowBack','files/ui/games/nazaj_igra.svg'),(10753,323,'UI_SpeechBubble','files/ui/games/oblacek.svg'),(10752,323,'UI_Character','files/ui/games/star_shadow_game.svg'),(10751,323,'UI_ArrowContinue','files/ui/games/naprej_igra.svg'),(10750,323,'UI_ButtonExit','files/ui/games/x_izhod.svg'),(10749,323,'UI_Star','files/ui/games/zvezda_prazna.svg'),(10748,323,'UI_StarFull','files/ui/games/zvezda_polna.svg'),(10747,323,'UI_LevelUpArrow','files/ui/games/up.svg'),(10746,323,'UI_LevelUpArrowInactive','files/ui/games/up_unactive.svg'),(10745,323,'UI_EnlargeButtonOn','files/ui/games/max01.svg'),(10744,323,'UI_EnlargeButtonOff','files/ui/games/min01.svg'),(10743,323,'UI_ExampleImage','files/ui/games/nazaj.svg'),(10742,323,'UI_CharacterUnhappy','files/ui/games/zvezda_zalostna_senca.svg'),(10741,323,'gameType','5'),(10740,323,'UI_LINE','files/ui/games/line.svg'),(10739,323,'UI_STAR_ROTATED','files/ui/games/zvezda_rotacija.svg'),(10706,320,'UI_ArrowBack','files/ui/games/nazaj_igra.svg'),(10705,320,'UI_SpeechBubble','files/ui/games/oblacek.svg'),(10704,320,'UI_Character','files/ui/games/star_shadow_game.svg'),(10703,320,'UI_ArrowContinue','files/ui/games/naprej_igra.svg'),(10702,320,'UI_ButtonExit','files/ui/games/x_izhod.svg'),(10701,320,'UI_Star','files/ui/games/zvezda_prazna.svg'),(10700,320,'UI_StarFull','files/ui/games/zvezda_polna.svg'),(10699,320,'UI_LevelUpArrow','files/ui/games/up.svg'),(10698,320,'UI_LevelUpArrowInactive','files/ui/games/up_unactive.svg'),(10697,320,'UI_EnlargeButtonOn','files/ui/games/max01.svg'),(10696,320,'UI_EnlargeButtonOff','files/ui/games/min01.svg'),(10695,320,'UI_ExampleImage','files/ui/games/nazaj.svg'),(10694,320,'UI_CharacterUnhappy','files/ui/games/zvezda_zalostna_senca.svg'),(10693,320,'gameType','1'),(10692,320,'UI_LINE','files/ui/games/line.svg'),(10691,320,'UI_STAR_ROTATED','files/ui/games/zvezda_rotacija.svg'),(10674,318,'UI_ArrowBack','files/ui/games/nazaj_igra.svg'),(10673,318,'UI_SpeechBubble','files/ui/games/oblacek.svg'),(10672,318,'UI_Character','files/ui/games/star_shadow_game.svg'),(10671,318,'UI_ArrowContinue','files/ui/games/naprej_igra.svg'),(10670,318,'UI_ButtonExit','files/ui/games/x_izhod.svg'),(10669,318,'UI_Star','files/ui/games/zvezda_prazna.svg'),(10668,318,'UI_StarFull','files/ui/games/zvezda_polna.svg'),(10667,318,'UI_LevelUpArrow','files/ui/games/up.svg'),(10666,318,'UI_LevelUpArrowInactive','files/ui/games/up_unactive.svg'),(10665,318,'UI_EnlargeButtonOn','files/ui/games/max01.svg'),(10664,318,'UI_EnlargeButtonOff','files/ui/games/min01.svg'),(10663,318,'UI_ExampleImage','files/ui/games/nazaj.svg'),(10662,318,'UI_CharacterUnhappy','files/ui/games/zvezda_zalostna_senca.svg'),(10661,318,'gameType','2'),(10660,318,'UI_LINE','files/ui/games/line.svg'),(10659,318,'UI_STAR_ROTATED','files/ui/games/zvezda_rotacija.svg'),(10626,315,'UI_ArrowBack','files/ui/games/nazaj_igra.svg'),(10625,315,'UI_SpeechBubble','files/ui/games/oblacek.svg'),(10624,315,'UI_Character','files/ui/games/star_shadow_game.svg'),(10623,315,'UI_ArrowContinue','files/ui/games/naprej_igra.svg'),(10622,315,'UI_ButtonExit','files/ui/games/x_izhod.svg'),(10621,315,'UI_Star','files/ui/games/zvezda_prazna.svg'),(10620,315,'UI_StarFull','files/ui/games/zvezda_polna.svg'),(10619,315,'UI_LevelUpArrow','files/ui/games/up.svg'),(10618,315,'UI_LevelUpArrowInactive','files/ui/games/up_unactive.svg'),(10617,315,'UI_EnlargeButtonOn','files/ui/games/max01.svg'),(10616,315,'UI_EnlargeButtonOff','files/ui/games/min01.svg'),(10615,315,'UI_ExampleImage','files/ui/games/nazaj.svg'),(10614,315,'UI_CharacterUnhappy','files/ui/games/zvezda_zalostna_senca.svg'),(10613,315,'gameType','3'),(10612,315,'UI_LINE','files/ui/games/line.svg'),(10611,315,'UI_STAR_ROTATED','files/ui/games/zvezda_rotacija.svg'),(10578,312,'UI_ArrowBack','files/ui/games/nazaj_igra.svg'),(10577,312,'UI_SpeechBubble','files/ui/games/oblacek.svg'),(10576,312,'UI_Character','files/ui/games/star_shadow_game.svg'),(10575,312,'UI_ArrowContinue','files/ui/games/naprej_igra.svg'),(10574,312,'UI_ButtonExit','files/ui/games/x_izhod.svg'),(10573,312,'UI_Star','files/ui/games/zvezda_prazna.svg'),(10572,312,'UI_StarFull','files/ui/games/zvezda_polna.svg'),(10571,312,'UI_LevelUpArrow','files/ui/games/up.svg'),(10570,312,'UI_LevelUpArrowInactive','files/ui/games/up_unactive.svg'),(10569,312,'UI_EnlargeButtonOn','files/ui/games/max01.svg'),(10568,312,'UI_EnlargeButtonOff','files/ui/games/min01.svg'),(10567,312,'UI_ExampleImage','files/ui/games/nazaj.svg'),(10566,312,'UI_CharacterUnhappy','files/ui/games/zvezda_zalostna_senca.svg'),(10565,312,'UI_LINE','files/ui/games/line.svg'),(10564,312,'gameType','4'),(10563,312,'UI_STAR_ROTATED','files/ui/games/zvezda_rotacija.svg');
/*!40000 ALTER TABLE `zs_constant` ENABLE KEYS */;
UNLOCK TABLES;

--
-- Table structure for table `zs_game`
--

DROP TABLE IF EXISTS `zs_game`;
/*!40101 SET @saved_cs_client     = @@character_set_client */;
/*!40101 SET character_set_client = utf8 */;
CREATE TABLE `zs_game` (
  `game_id` int(11) NOT NULL AUTO_INCREMENT,
  `game_upload_user_id` int(11) DEFAULT NULL,
  `game_upload_user_ip` varchar(45) DEFAULT NULL,
  `game_upload_datetime` datetime DEFAULT NULL,
  `game_name` varchar(255) DEFAULT NULL,
  `game_file_location` varchar(255) DEFAULT NULL,
  `game_description` text,
  `game_signature_version` varchar(45) DEFAULT NULL,
  `game_author` text,
  `game_date_of_build` date DEFAULT NULL,
  `game_version` varchar(45) DEFAULT NULL,
  `game_license` text,
  `game_teacher_instructions` text,
  `game_comment` text,
  `game_styles_available` text,
  `game_languages` text,
  `game_dictionary` text,
  `game_variables` text,
  `game_difficulty` text,
  `game_time_limit` text,
  `game_levels` text,
  `game_retries_available` text,
  `game_deleted` int(11) DEFAULT NULL COMMENT '0 if not deleted, 1 if deleted',
  PRIMARY KEY (`game_id`)
) ENGINE=MyISAM AUTO_INCREMENT=365 DEFAULT CHARSET=utf8;
/*!40101 SET character_set_client = @saved_cs_client */;

--
-- Dumping data for table `zs_game`
--

LOCK TABLES `zs_game` WRITE;
/*!40000 ALTER TABLE `zs_game` DISABLE KEYS */;
INSERT INTO `zs_game` VALUES (312,1,'123.123.123.123','2015-09-27 12:25:30','Zaporedja','games/game.html','Igra s karticami - Pojavi se nabor slik, ki si jih uporabnik mora zapomniti v pravem zaporedju. Nato slike zginejo, uporabnik pa jih mora poiskati v pravem zaporedju. U??itelj lahko dolo??a nabor slik in te??avnost.','1.0','Matev?? Baloh','2015-07-22','1.0','AGPL','V tej igri se uporabniku prika??e nabor slik, katerega si mora zaponiti. Nato slike zginejo in se prika??e drug, ve??ji nabor. Izmed novih slik mora uporabnik v pravem zaporedju izbrati prej videne. Ko pravilno odgovri na nekaj primerov, lahko napreduje v naslednji nivo, v katerem se pove??ata ??tevili slik v obeh naborih. U??itelj lahko dolo??i nabor slik, koliko slik se poka??e v obeh naborih v prvem nivoju, koliko pravilnih odgovorov je potrebnih za napredovat v vi??ji nivo in koliko napredka uporabnik izgubi, ??e je njegov odgovor napa??en.','COMMENT','default|inverted|contrast','SL|EN','{\"EN\":{\"language\":\"English\",\"dict\":{\"L_INSTRUCTIONS_VIEW\":\"Look at the images, when ready, click continue.\",\"L_INSTRUCTIONS_SELECT_SEEN\":\"Find the previously seen images.\",\"L_INSTRUCTIONS_SELECT_UNSEEN\":\"Find the new images.\",\"L_INCORRECT_LINE_ONE\":\"Don\'t give up,\",\"L_INCORRECT_LINE_TWO\":\"try again.\",\"L_CORRECT_LINE_ONE\":\"Congratulations\",\"L_CORRECT_LINE_TWO\":\"\",\"L_BUTTON_CONTINUE\":\"Continue\",\"L_SELECT_STATUS_DISPLAY_1\":\"Selected:\",\"L_SELECT_STATUS_DISPLAY_2\":\"out of\",\"L_CONTINUE\":\"Continue\",\"L_BEGIN\":\"BEGIN\",\"L_NEXT_LEVEL\":\"Next level\"}},\"SL\":{\"language\":\"Slovensko\",\"dict\":{\"L_INSTRUCTIONS_VIEW\":\"Dobro si oglej slike in nadaljuj.\",\"L_INSTRUCTIONS_SELECT_SEEN\":\"Izberi prej videne slike.\",\"L_INSTRUCTIONS_SELECT_UNSEEN\":\"Izberi nove slike.\",\"L_INCORRECT_LINE_ONE\":\"Ne obupaj,\",\"L_INCORRECT_LINE_TWO\":\"poskusi ponovno.\",\"L_CORRECT_LINE_ONE\":\"??estitam\",\"L_CORRECT_LINE_TWO\":\"\",\"L_BUTTON_CONTINUE\":\"Naprej\",\"L_SELECT_STATUS_DISPLAY_1\":\"Izbrani:\",\"L_SELECT_STATUS_DISPLAY_2\":\"od\",\"L_CONTINUE\":\"Nadaljuj\",\"L_BEGIN\":\"ZA??NI\",\"L_NEXT_LEVEL\":\"Naslednja stopnja\"}}}','{\"instructions\":{\"type\":\"string\",\"default_value\":\"Pojavile se bodo slike, ki si jih zapomni. Med novimi slikami izberi prej videne v pravem zaporedju.\",\"description\":\"Uvodna navodila.\",\"edit_instructions\":\"Navodila prilagodite tako, da opi\\u0161ejo igro, ki jo priredite, sicer jih pustite taka kot so\",\"constraints\":\"1|300\"},\"selectN\":{\"type\":\"int\",\"default_value\":\"2\",\"description\":\"\\u0160tevilo slik, ki si jih mora uporabnik zapomnit (na prvi stopnji).\",\"edit_instructions\":\"Izberite primerno \\u0161tevilo, da ne bo u\\u010dencem prelahko na za\\u010detku. Npr. 2\\/3 za za\\u010detnike, 4\\/5 za napredne, 6\\/7 je maksimum, ki ga predlagamo.\",\"constraints\":\"1|21|1\"},\"groupN\":{\"type\":\"int\",\"default_value\":\"4\",\"description\":\"\\u0160tevilo slik, med katerimi uporabnik poi\\u0161\\u010de \\u0161e ne videne.\",\"edit_instructions\":\"Izberite primerno \\u0161tevilo, da ne bo u\\u010dencem prelahko na za\\u010detku. Npr. 3-5 za za\\u010detnike, 6-10 za napredne, 11-15 je maksimum, ki ga predlagamo.\",\"constraints\":\"1|21|1\"},\"starLossOnFail\":{\"type\":\"int\",\"default_value\":\"1\",\"description\":\"\\u0160tevilo zvezdic, ki jih uporabnik izgubi ob nepravilnem odgovoru.\",\"edit_instructions\":\"Za redno igro predlagamo 0 ali 1, lahko se pa tudi pove\\u010da na npr. 5 in igro igra tako, da mora u\\u010denec igro pravilno re\\u0161iti npr. 5 krat zapored, \\u010de kadarkoli zgre\\u0161i, izgubi vse zvezdice in mora od za\\u010detka (Za tak na\\u010din igre nastavite to in progressToContinue na isto \\u0161tevilo).\",\"constraints\":\"1|100|1\"},\"progressToContinue\":{\"type\":\"int\",\"default_value\":\"3\",\"description\":\"\\u0160tevilo zvezdic, potrebnih za napredovanje v naslednjo stopnjo.\",\"edit_instructions\":\"Za hitro napredovanje predlagamo 3, za normalno igro 5-7, za po\\u010dasno igro 10, lahko pa poljubno mnogo. Igralec lahko ostane na istem nivoju tudi ko \\u017ee dose\\u017ee potrebno \\u0161tevilo zvezdic za napredovanje.\",\"constraints\":\"1|100|1\"},\"files\":{\"type\":\"filelist\",\"default_value\":[\"files\\/slike\\/orodje\\/barvno\\/copic.svg\",\"files\\/slike\\/orodje\\/barvno\\/copic01.svg\",\"files\\/slike\\/orodje\\/barvno\\/izvijac.svg\",\"files\\/slike\\/orodje\\/barvno\\/izvijac01.svg\",\"files\\/slike\\/orodje\\/barvno\\/izvijac02.svg\",\"files\\/slike\\/orodje\\/barvno\\/kladivo.svg\",\"files\\/slike\\/orodje\\/barvno\\/kljuc.svg\",\"files\\/slike\\/orodje\\/barvno\\/kljuc01.svg\",\"files\\/slike\\/orodje\\/barvno\\/kljuc02.svg\",\"files\\/slike\\/orodje\\/barvno\\/lestev.svg\",\"files\\/slike\\/orodje\\/barvno\\/matica.svg\",\"files\\/slike\\/orodje\\/barvno\\/ravnilo.svg\",\"files\\/slike\\/orodje\\/barvno\\/ravnilo01.svg\",\"files\\/slike\\/orodje\\/barvno\\/valjcek.svg\",\"files\\/slike\\/orodje\\/barvno\\/zaga.svg\",\"files\\/slike\\/orodje\\/barvno\\/zebelj.svg\",\"files\\/slike\\/orodje\\/barvno\\/zebelj01.svg\",\"files\\/slike\\/kuhinja\\/barvno\\/detergent.svg\",\"files\\/slike\\/kuhinja\\/barvno\\/prasek.svg\",\"files\\/slike\\/kuhinja\\/barvno\\/skleda.svg\",\"files\\/slike\\/kuhinja\\/barvno\\/spuzva.svg\",\"files\\/slike\\/kuhinja\\/barvno\\/vedro.svg\",\"files\\/slike\\/kopalnica\\/barvno\\/skarje.svg\"],\"description\":\"Nabor slik.\",\"edit_instructions\":\"Za la\\u017eje igre izberite zelo razli\\u010dne slike, za te\\u017eje igre izberite podobne slike. Tu lahko igro priredite, da ustreza potrebam va\\u0161ega predmeta, zato predlagamo, da izbirate slike, ki so povezane s predmetom, ki ga u\\u010dite.\",\"constraints\":\"1|100\"}}','{\"min\":1,\"max\":10,\"default\":1,\"editable\":0,\"edit_instructions\":\"\"}','{\"min\":1,\"max\":10,\"default\":1,\"editable\":0,\"edit_instructions\":\"\"}','{\"min\":1,\"max\":10,\"default\":1,\"editable\":0,\"edit_instructions\":\"\"}','{\"min\":1,\"max\":10,\"default\":1,\"editable\":0,\"edit_instructions\":\"\"}',0),(315,1,'123.123.123.123','2015-09-27 12:54:09','Kaj manjka?','games/game.html','Igra s karticami - Pojavi se nabor slik, ki si jih uporabnik mora zapomniti. Nato nekaj slik zgine. Uporabnik mora poiskati tiste, ki so zginile. U??itelj lahko dolo??i nabor slik in te??avnost. ','1.0','Matev?? Baloh','2015-07-22','1.0','AGPL','V tej igri se uporabniku prika??e nabor slik, katerega si mora zaponiti. Nato nekatere od slik zginejo, pod preostalimi pa se pojavi nov nabor slik, izmed katerih mora uporabnik izbrati izginule. Ko pravilno odgovri na nekaj primerov, lahko napreduje v naslednji nivo, v katerem se pove??ata ??tevili slik v obeh naborih, ??tevilo izginulih slik pa ostane enako. U??itelj lahko dolo??i nabor slik, koliko slik se poka??e v obeh naborih v prvem nivoju, koliko slik izgine iz drugega nabora, koliko pravilnih odgovorov je potrebnih za napredovat v vi??ji nivo in koliko napredka uporabnik izgubi, ??e je njegov odgovor napa??en.','COMMENT','default|inverted|contrast','SL|EN','{\"EN\":{\"language\":\"English\",\"dict\":{\"L_INSTRUCTIONS_VIEW\":\"Look at the images, when ready, click continue.\",\"L_INSTRUCTIONS_SELECT_SEEN\":\"Find the previously seen images.\",\"L_INSTRUCTIONS_SELECT_UNSEEN\":\"Find the new images.\",\"L_INCORRECT_LINE_ONE\":\"Don\'t give up,\",\"L_INCORRECT_LINE_TWO\":\"try again.\",\"L_CORRECT_LINE_ONE\":\"Congratulations\",\"L_CORRECT_LINE_TWO\":\"\",\"L_BUTTON_CONTINUE\":\"Continue\",\"L_SELECT_STATUS_DISPLAY_1\":\"Selected:\",\"L_SELECT_STATUS_DISPLAY_2\":\"out of\",\"L_CONTINUE\":\"Continue\",\"L_BEGIN\":\"BEGIN\",\"L_NEXT_LEVEL\":\"Next level\"}},\"SL\":{\"language\":\"Slovensko\",\"dict\":{\"L_INSTRUCTIONS_VIEW\":\"Dobro si oglej slike in nadaljuj.\",\"L_INSTRUCTIONS_SELECT_SEEN\":\"Izberi prej videne slike.\",\"L_INSTRUCTIONS_SELECT_UNSEEN\":\"Izberi nove slike.\",\"L_INCORRECT_LINE_ONE\":\"Ne obupaj,\",\"L_INCORRECT_LINE_TWO\":\"poskusi ponovno.\",\"L_CORRECT_LINE_ONE\":\"??estitam\",\"L_CORRECT_LINE_TWO\":\"\",\"L_BUTTON_CONTINUE\":\"Naprej\",\"L_SELECT_STATUS_DISPLAY_1\":\"Izbrani:\",\"L_SELECT_STATUS_DISPLAY_2\":\"od\",\"L_CONTINUE\":\"Nadaljuj\",\"L_BEGIN\":\"ZA??NI\",\"L_NEXT_LEVEL\":\"Naslednja stopnja\"}}}','{\"instructions\":{\"type\":\"string\",\"default_value\":\"Pojavile se bodo slike, ki si jih zapomni. Med novimi slikami poi\\u0161\\u010di manjkajo\\u010de.\",\"description\":\"Uvodna navodila\",\"edit_instructions\":\"Navodila prilagodite tako, da opi\\u0161ejo igro, ki jo priredite, sicer jih pustite taka kot so\",\"constraints\":\"1|300\"},\"selectN\":{\"type\":\"int\",\"default_value\":\"2\",\"description\":\"\\u0160tevilo slik, ki si jih mora uporabnik zapomnit (na prvi stopnji).\",\"edit_instructions\":\"Izberite primerno \\u0161tevilo, da ne bo u\\u010dencem prelahko na za\\u010detku. Npr. 2\\/3 za za\\u010detnike, 4\\/5 za napredne, 6\\/7 je maksimum, ki ga predlagamo.\",\"constraints\":\"1|10|1\"},\"reduceN\":{\"type\":\"int\",\"default_value\":\"1\",\"description\":\"\\u0160tevilo slik, ki se bo skrilo.\",\"edit_instructions\":\"\\u0160tevilo naj bo manj\\u0161e ali enako \\u0161tevilu slik, ki si jih mora uporabnik zapomnit.\",\"constraints\":\"1|10|1\"},\"groupN\":{\"type\":\"int\",\"default_value\":\"4\",\"description\":\"\\u0160tevilo slik, med katerimi uporabnik izbere izginulo\\/e.\",\"edit_instructions\":\"Izberite primerno \\u0161tevilo, da ne bo u\\u010dencem prelahko na za\\u010detku. Npr. 3-5 za za\\u010detnike, 6-10 za napredne, 11-15 je maksimum, ki ga predlagamo.\",\"constraints\":\"1|21|1\"},\"starLossOnFail\":{\"type\":\"int\",\"default_value\":\"1\",\"description\":\"\\u0160tevilo zvezdic, ki jih uporabnik izgubi ob nepravilnem odgovoru.\",\"edit_instructions\":\"Za redno igro predlagamo 0 ali 1, lahko se pa tudi pove\\u010da na npr. 5 in igro igra tako, da mora u\\u010denec igro pravilno re\\u0161iti npr. 5 krat zapored, \\u010de kadarkoli zgre\\u0161i, izgubi vse zvezdice in mora od za\\u010detka (Za tak na\\u010din igre nastavite to in progressToContinue na isto \\u0161tevilo).\",\"constraints\":\"1|100|1\"},\"progressToContinue\":{\"type\":\"int\",\"default_value\":\"3\",\"description\":\"\\u0160tevilo zvezdic, potrebnih za napredovanje v naslednjo stopnjo.\",\"edit_instructions\":\"Za hitro napredovanje predlagamo 3, za normalno igro 5-7, za po\\u010dasno igro 10, lahko pa poljubno mnogo. Igralec lahko ostane na istem nivoju tudi ko \\u017ee dose\\u017ee potrebno \\u0161tevilo zvezdic za napredovanje.\",\"constraints\":\"1|100|1\"},\"files\":{\"type\":\"filelist\",\"default_value\":[\"files\\/slike\\/garderoba\\/barvno\\/bluza (1).svg\",\"files\\/slike\\/garderoba\\/barvno\\/bluza (2).svg\",\"files\\/slike\\/garderoba\\/barvno\\/bluza (3).svg\",\"files\\/slike\\/garderoba\\/barvno\\/bluza (4).svg\",\"files\\/slike\\/garderoba\\/barvno\\/bluza (5).svg\",\"files\\/slike\\/garderoba\\/barvno\\/bluza (6).svg\",\"files\\/slike\\/garderoba\\/barvno\\/deznik (1).svg\",\"files\\/slike\\/garderoba\\/barvno\\/deznik (2).svg\",\"files\\/slike\\/garderoba\\/barvno\\/deznik (3).svg\",\"files\\/slike\\/garderoba\\/barvno\\/deznik (4).svg\",\"files\\/slike\\/garderoba\\/barvno\\/deznik (5).svg\",\"files\\/slike\\/garderoba\\/barvno\\/deznik (6).svg\",\"files\\/slike\\/garderoba\\/barvno\\/dolge_hlace.svg\",\"files\\/slike\\/garderoba\\/barvno\\/gleznar.svg\",\"files\\/slike\\/garderoba\\/barvno\\/gumb (1).svg\",\"files\\/slike\\/garderoba\\/barvno\\/gumb (2).svg\",\"files\\/slike\\/garderoba\\/barvno\\/gumb (3).svg\",\"files\\/slike\\/garderoba\\/barvno\\/gumb (4).svg\",\"files\\/slike\\/garderoba\\/barvno\\/gumb (5).svg\",\"files\\/slike\\/garderoba\\/barvno\\/gumb (6).svg\",\"files\\/slike\\/garderoba\\/barvno\\/jopica.svg\",\"files\\/slike\\/garderoba\\/barvno\\/kapa (1).svg\",\"files\\/slike\\/garderoba\\/barvno\\/kapa (2).svg\",\"files\\/slike\\/garderoba\\/barvno\\/kapa (3).svg\",\"files\\/slike\\/garderoba\\/barvno\\/kapa (4).svg\",\"files\\/slike\\/garderoba\\/barvno\\/kapa (5).svg\",\"files\\/slike\\/garderoba\\/barvno\\/kapa (6).svg\",\"files\\/slike\\/garderoba\\/barvno\\/kopalke.svg\",\"files\\/slike\\/garderoba\\/barvno\\/kratke_hlace.svg\",\"files\\/slike\\/garderoba\\/barvno\\/krilo.svg\",\"files\\/slike\\/garderoba\\/barvno\\/majica.svg\",\"files\\/slike\\/garderoba\\/barvno\\/majica_rokav.svg\",\"files\\/slike\\/garderoba\\/barvno\\/natikaci.svg\",\"files\\/slike\\/garderoba\\/barvno\\/nogavice.svg\",\"files\\/slike\\/garderoba\\/barvno\\/nogavice01.svg\",\"files\\/slike\\/garderoba\\/barvno\\/obesalnik.svg\",\"files\\/slike\\/garderoba\\/barvno\\/obleka (1).svg\",\"files\\/slike\\/garderoba\\/barvno\\/obleka (2).svg\",\"files\\/slike\\/garderoba\\/barvno\\/obleka (3).svg\",\"files\\/slike\\/garderoba\\/barvno\\/obleka (4).svg\",\"files\\/slike\\/garderoba\\/barvno\\/obleka (5).svg\",\"files\\/slike\\/garderoba\\/barvno\\/pas.svg\",\"files\\/slike\\/garderoba\\/barvno\\/rokavice.svg\",\"files\\/slike\\/garderoba\\/barvno\\/sal.svg\",\"files\\/slike\\/garderoba\\/barvno\\/salonar.svg\",\"files\\/slike\\/garderoba\\/barvno\\/spodnja_majica.svg\",\"files\\/slike\\/garderoba\\/barvno\\/spodnjice.svg\"],\"description\":\"Nabor slik.\",\"edit_instructions\":\"Za la\\u017eje igre izberite zelo razli\\u010dne slike, za te\\u017eje igre izberite podobne slike. Tu lahko igro priredite, da ustreza potrebam va\\u0161ega predmeta, zato predlagamo, da izbirate slike, ki so povezane s predmetom, ki ga u\\u010dite.\",\"constraints\":\"1|100\"}}','{\"min\":1,\"max\":10,\"default\":1,\"editable\":0,\"edit_instructions\":\"\"}','{\"min\":1,\"max\":10,\"default\":1,\"editable\":0,\"edit_instructions\":\"\"}','{\"min\":1,\"max\":10,\"default\":1,\"editable\":0,\"edit_instructions\":\"\"}','{\"min\":1,\"max\":10,\"default\":1,\"editable\":0,\"edit_instructions\":\"\"}',0),(318,1,'123.123.123.123','2015-09-27 13:51:57','Kaj je novega?','games/game.html','Igra s karticami - Najprej se pojavi nabor slik, ki si jih uporabnik mora zapomniti. Nato zginejo in se pojavi ve??ji nabor slik. Uporabmik mora izmed nabora poiskati vse nove slike. U??itelj lahko dolo??a nabor slik in te??avnost.','1.0','Matev?? Baloh','2015-07-22','1.0','AGPL','V tej igri se uporabniku prika??e nabor slik, katerega si mora zaponiti. Nato slike zginejo in se prika??e drug, ve??ji nabor. Izmed novih slik mora uporabnik izbrati vse nove - tiste, ki se niso pojavile v prvem naboru. Ko pravilno odgovri na nekaj primerov, lahko napreduje v naslednji nivo, v katerem se pove??ata ??tevili slik v obeh naborih. U??itelj lahko dolo??i nabor slik, koliko slik se poka??e v obeh naborih v prvem nivoju, koliko pravilnih odgovorov je potrebnih za napredovat v vi??ji nivo in koliko napredka uporabnik izgubi, ??e je njegov odgovor napa??en.','COMMENT','default|inverted|contrast','SL|EN','{\"EN\":{\"language\":\"English\",\"dict\":{\"L_INSTRUCTIONS_VIEW\":\"Look at the images, when ready, click continue.\",\"L_INSTRUCTIONS_SELECT_SEEN\":\"Find the previously seen images.\",\"L_INSTRUCTIONS_SELECT_UNSEEN\":\"Find the new images.\",\"L_INCORRECT_LINE_ONE\":\"Don\'t give up,\",\"L_INCORRECT_LINE_TWO\":\"try again.\",\"L_CORRECT_LINE_ONE\":\"Congratulations\",\"L_CORRECT_LINE_TWO\":\"\",\"L_BUTTON_CONTINUE\":\"Continue\",\"L_SELECT_STATUS_DISPLAY_1\":\"Selected:\",\"L_SELECT_STATUS_DISPLAY_2\":\"out of\",\"L_CONTINUE\":\"Continue\",\"L_BEGIN\":\"BEGIN\",\"L_NEXT_LEVEL\":\"Next level\"}},\"SL\":{\"language\":\"Slovensko\",\"dict\":{\"L_INSTRUCTIONS_VIEW\":\"Dobro si oglej slike in nadaljuj.\",\"L_INSTRUCTIONS_SELECT_SEEN\":\"Izberi prej videne slike.\",\"L_INSTRUCTIONS_SELECT_UNSEEN\":\"Izberi nove slike.\",\"L_INCORRECT_LINE_ONE\":\"Ne obupaj,\",\"L_INCORRECT_LINE_TWO\":\"poskusi ponovno.\",\"L_CORRECT_LINE_ONE\":\"??estitam\",\"L_CORRECT_LINE_TWO\":\"\",\"L_BUTTON_CONTINUE\":\"Naprej\",\"L_SELECT_STATUS_DISPLAY_1\":\"Izbrani:\",\"L_SELECT_STATUS_DISPLAY_2\":\"od\",\"L_CONTINUE\":\"Nadaljuj\",\"L_BEGIN\":\"ZA??NI\",\"L_NEXT_LEVEL\":\"Naslednja stopnja\"}}}','{\"instructions\":{\"type\":\"string\",\"default_value\":\"Pojavile se bodo slike, ki si jih dobro oglej. Med novimi slikami izberi samo nove.\",\"description\":\"Uvodna navodila.\",\"edit_instructions\":\"Navodila prilagodite tako, da opi\\u0161ejo igro, ki jo priredite, sicer jih pustite taka kot so\",\"constraints\":\"1|300\"},\"selectN\":{\"type\":\"int\",\"default_value\":\"2\",\"description\":\"\\u0160tevilo slik, ki si jih mora uporabnik zapomnit (na prvi stopnji).\",\"edit_instructions\":\"Izberite primerno \\u0161tevilo, da ne bo u\\u010dencem prelahko na za\\u010detku. Npr. 2\\/3 za za\\u010detnike, 4\\/5 za napredne, 6\\/7 je maksimum, ki ga predlagamo.\",\"constraints\":\"1|21|1\"},\"groupN\":{\"type\":\"int\",\"default_value\":\"4\",\"description\":\"\\u0160tevilo slik, med katerimi uporabnik poi\\u0161\\u010de \\u0161e ne videne.\",\"edit_instructions\":\"Izberite primerno \\u0161tevilo, da ne bo u\\u010dencem prelahko na za\\u010detku. Npr. 3-5 za za\\u010detnike, 6-10 za napredne, 11-15 je maksimum, ki ga predlagamo.\",\"constraints\":\"1|21|1\"},\"starLossOnFail\":{\"type\":\"int\",\"default_value\":\"1\",\"description\":\"\\u0160tevilo zvezdic, ki jih uporabnik izgubi ob nepravilnem odgovoru.\",\"edit_instructions\":\"Za redno igro predlagamo 0 ali 1, lahko se pa tudi pove\\u010da na npr. 5 in igro igra tako, da mora u\\u010denec igro pravilno re\\u0161iti npr. 5 krat zapored, \\u010de kadarkoli zgre\\u0161i, izgubi vse zvezdice in mora od za\\u010detka (Za tak na\\u010din igre nastavite to in progressToContinue na isto \\u0161tevilo).\",\"constraints\":\"1|100|1\"},\"progressToContinue\":{\"type\":\"int\",\"default_value\":\"3\",\"description\":\"\\u0160tevilo zvezdic, potrebnih za napredovanje v naslednjo stopnjo.\",\"edit_instructions\":\"Za hitro napredovanje predlagamo 3, za normalno igro 5-7, za po\\u010dasno igro 10, lahko pa poljubno mnogo. Igralec lahko ostane na istem nivoju tudi ko \\u017ee dose\\u017ee potrebno \\u0161tevilo zvezdic za napredovanje.\",\"constraints\":\"1|100|1\"},\"files\":{\"type\":\"filelist\",\"default_value\":[\"files\\/slike\\/kuhinja\\/barvno\\/cajnik.svg\",\"files\\/slike\\/kuhinja\\/barvno\\/cajnik01.svg\",\"files\\/slike\\/kuhinja\\/barvno\\/cajnik02.svg\",\"files\\/slike\\/kuhinja\\/barvno\\/cedilo.svg\",\"files\\/slike\\/kuhinja\\/barvno\\/deska.svg\",\"files\\/slike\\/kuhinja\\/barvno\\/deska01.svg\",\"files\\/slike\\/kuhinja\\/barvno\\/kapa.svg\",\"files\\/slike\\/kuhinja\\/barvno\\/kos.svg\",\"files\\/slike\\/kuhinja\\/barvno\\/kozarec (1).svg\",\"files\\/slike\\/kuhinja\\/barvno\\/kozarec (2).svg\",\"files\\/slike\\/kuhinja\\/barvno\\/kozarec (3).svg\",\"files\\/slike\\/kuhinja\\/barvno\\/kozarec (4).svg\",\"files\\/slike\\/kuhinja\\/barvno\\/kozarec (5).svg\",\"files\\/slike\\/kuhinja\\/barvno\\/kozarec (6).svg\",\"files\\/slike\\/kuhinja\\/barvno\\/kozarec01.svg\",\"files\\/slike\\/kuhinja\\/barvno\\/kozarec02.svg\",\"files\\/slike\\/kuhinja\\/barvno\\/kozarec03.svg\",\"files\\/slike\\/kuhinja\\/barvno\\/kroznik.svg\",\"files\\/slike\\/kuhinja\\/barvno\\/krozniki.svg\",\"files\\/slike\\/kuhinja\\/barvno\\/kuhalnica.svg\",\"files\\/slike\\/kuhinja\\/barvno\\/metlica (1).svg\",\"files\\/slike\\/kuhinja\\/barvno\\/metlica (2).svg\",\"files\\/slike\\/kuhinja\\/barvno\\/metlica (3).svg\",\"files\\/slike\\/kuhinja\\/barvno\\/metlica (4).svg\",\"files\\/slike\\/kuhinja\\/barvno\\/metlica (5).svg\",\"files\\/slike\\/kuhinja\\/barvno\\/metlica (6).svg\",\"files\\/slike\\/kuhinja\\/barvno\\/noz.svg\",\"files\\/slike\\/kuhinja\\/barvno\\/noz01.svg\",\"files\\/slike\\/kuhinja\\/barvno\\/noz02.svg\",\"files\\/slike\\/kuhinja\\/barvno\\/obracalka.svg\",\"files\\/slike\\/kuhinja\\/barvno\\/obracalka01.svg\",\"files\\/slike\\/kuhinja\\/barvno\\/pladen.svg\",\"files\\/slike\\/kuhinja\\/barvno\\/ponev.svg\",\"files\\/slike\\/kuhinja\\/barvno\\/ponev01.svg\",\"files\\/slike\\/kuhinja\\/barvno\\/posoda.svg\",\"files\\/slike\\/kuhinja\\/barvno\\/posoda01.svg\",\"files\\/slike\\/kuhinja\\/barvno\\/posoda02.svg\",\"files\\/slike\\/kuhinja\\/barvno\\/posoda03.svg\",\"files\\/slike\\/kuhinja\\/barvno\\/valjar.svg\",\"files\\/slike\\/kuhinja\\/barvno\\/vrc.svg\",\"files\\/slike\\/kuhinja\\/barvno\\/vrc01.svg\"],\"description\":\"Nabor slik.\",\"edit_instructions\":\"Za la\\u017eje igre izberite zelo razli\\u010dne slike, za te\\u017eje igre izberite podobne slike. Tu lahko igro priredite, da ustreza potrebam va\\u0161ega predmeta, zato predlagamo, da izbirate slike, ki so povezane s predmetom, ki ga u\\u010dite.\",\"constraints\":\"1|100\"}}','{\"min\":1,\"max\":10,\"default\":1,\"editable\":0,\"edit_instructions\":\"\"}','{\"min\":1,\"max\":10,\"default\":1,\"editable\":0,\"edit_instructions\":\"\"}','{\"min\":1,\"max\":10,\"default\":1,\"editable\":0,\"edit_instructions\":\"\"}','{\"min\":1,\"max\":10,\"default\":1,\"editable\":0,\"edit_instructions\":\"\"}',0),(335,1,'123.123.123.123','2015-09-28 18:10:00','Skriti predmeti','games/game.html','Uporabnik mora na sliki poiskati skrite predmete.','1.0','Matev?? Baloh','2015-07-22','1.0','AGPL','V tej igri mora uporabnik na sliki najti skrite predmete, ki so prikazani na desni. To igro lahko u??itelj precej prilagaja, a mora za to posebej pripraviti SVG datoteko s to??kami, kjer se lahko elementi pojavijo. Za to predlagamo, da u??itelj spreminja zgolj ??tevilo zvezdic, ki ga mora u??enec dose??i za merjenje napredka.','COMMENT','default|inverted|contrast','SL|EN','{\"SL\":{\"language\":\"Slovensko\",\"dict\":{\"L_INSTRUCTIONS_VIEW\":\"Dobro si oglej sli\\u010dice. Ko bo\\u0161 pripravljen, klikni naprej.\",\"L_INSTRUCTIONS_SELECT_SEEN\":\"Med danimi sli\\u010dicami poi\\u0161\\u010di prej videne.\",\"L_INSTRUCTIONS_SELECT_UNSEEN\":\"Med danimi sli\\u010dicami poi\\u0161\\u010di nove.\",\"L_INCORRECT_LINE_ONE\":\"Ne obupaj,\",\"L_INCORRECT_LINE_TWO\":\"Poskusi ponovno.\",\"L_CORRECT_LINE_ONE\":\"\\u010cestitam\",\"L_CORRECT_LINE_TWO\":\"\",\"L_BUTTON_CONTINUE\":\"Naprej\",\"L_SELECT_STATUS_DISPLAY_1\":\"Izbrani:\",\"L_SELECT_STATUS_DISPLAY_2\":\"od\",\"L_CONTINUE\":\"Nadaljuj\",\"L_BEGIN\":\"ZA\\u010cNI\",\"L_NEXT_LEVEL\":\"Naslednji nivo\"}},\"EN\":{\"language\":\"English\",\"dict\":{\"L_INSTRUCTIONS_VIEW\":\"Look at the images, when ready, click continue.\",\"L_INSTRUCTIONS_SELECT_SEEN\":\"Find the previously seen images.\",\"L_INSTRUCTIONS_SELECT_UNSEEN\":\"Find the new images.\",\"L_INCORRECT_LINE_ONE\":\"Don\",\"L_INCORRECT_LINE_TWO\":\"Try again.\",\"L_CORRECT_LINE_ONE\":\"Congratulations\",\"L_CORRECT_LINE_TWO\":\"\",\"L_BUTTON_CONTINUE\":\"Continue\",\"L_SELECT_STATUS_DISPLAY_1\":\"Selected:\",\"L_SELECT_STATUS_DISPLAY_2\":\"out of\",\"L_CONTINUE\":\"Continue\",\"L_BEGIN\":\"BEGIN\",\"L_NEXT_LEVEL\":\"Next level\"}}}','{\"instructions\":{\"type\":\"string\",\"default_value\":\" Na sliki poi\\u0161\\u010di skrite predmete. Predmete, ki jih mora\\u0161 najti, so v kvadratkih na desni.\",\"description\":\"Uvodna navodila\",\"edit_instructions\":\"Navodila prilagodite tako, da opi\\u0161ejo igro, ki jo priredite, sicer jih pustite taka kot so\",\"constraints\":\"1|300\"},\"layer1\":{\"type\":\"filelist\",\"default_value\":[\"files\\/skriti predmeti\\/scena\\/kuhinja\\/barvno\\/kuhinja_zid.svg\"],\"description\":\"Ozadje 1\",\"edit_instructions\":\"Ne priporo\\u010damo spreminjanja, sicer so pa nivoji od 1 do 6 prikazani en nad drugim. Slika na istem mestu v teh nivojih sestavljajo isto sceno. Npr. tretja slika v vsakem od nivojev se zdru\\u017ei v eno sceno.\",\"constraints\":\"\"},\"layer2\":{\"type\":\"filelist\",\"default_value\":[\"files\\/skriti predmeti\\/scena\\/kuhinja\\/barvno\\/kuhinja_ozadje.svg\"],\"description\":\"Ozadje 2\",\"edit_instructions\":\"Ne priporo\\u010damo spreminjanja, sicer so pa nivoji od 1 do 6 prikazani en nad drugim. Slika na istem mestu v teh nivojih sestavljajo isto sceno. Npr. tretja slika v vsakem od nivojev se zdru\\u017ei v eno sceno.\",\"constraints\":\"\"},\"layer3\":{\"type\":\"filelist\",\"default_value\":[\"\"],\"description\":\"Ozadje 3\",\"edit_instructions\":\"Ne priporo\\u010damo spreminjanja, sicer so pa nivoji od 1 do 6 prikazani en nad drugim. Slika na istem mestu v teh nivojih sestavljajo isto sceno. Npr. tretja slika v vsakem od nivojev se zdru\\u017ei v eno sceno.\",\"constraints\":\"\"},\"layer4\":{\"type\":\"filelist\",\"default_value\":[\"\"],\"description\":\"Ozadje 4\",\"edit_instructions\":\"Ne priporo\\u010damo spreminjanja, sicer so pa nivoji od 1 do 6 prikazani en nad drugim. Slika na istem mestu v teh nivojih sestavljajo isto sceno. Npr. tretja slika v vsakem od nivojev se zdru\\u017ei v eno sceno.\",\"constraints\":\"\"},\"pivot\":{\"type\":\"filelist\",\"default_value\":[\"files\\/upload\\/30\\/14\\/pivot (1).svg\"],\"description\":\"To\\u010dke, kjer se pojavijo elementi (svg datoteka)\",\"edit_instructions\":\"Ne priporo\\u010damo spreminjanja, sicer so pa nivoji od 1 do 6 prikazani en nad drugim. Slika na istem mestu v teh nivojih sestavljajo isto sceno. Npr. tretja slika v vsakem od nivojev se zdru\\u017ei v eno sceno.\",\"constraints\":\"\"},\"layer6\":{\"type\":\"filelist\",\"default_value\":[\"files\\/skriti predmeti\\/scena\\/kuhinja\\/barvno\\/kuhinja_ospredje.svg\"],\"description\":\"Ospredje - elementi nad predmeti\",\"edit_instructions\":\"Ne priporo\\u010damo spreminjanja, sicer so pa nivoji od 1 do 6 prikazani en nad drugim. Slika na istem mestu v teh nivojih sestavljajo isto sceno. Npr. tretja slika v vsakem od nivojev se zdru\\u017ei v eno sceno.\",\"constraints\":\"\"},\"elements1\":{\"type\":\"filelist\",\"default_value\":[\"files\\/slike\\/hrana\\/barvno\\/cesnja (1).svg\",\"files\\/slike\\/hrana\\/barvno\\/cesnja (2).svg\",\"files\\/slike\\/hrana\\/barvno\\/cesnja (3).svg\",\"files\\/slike\\/hrana\\/barvno\\/cesnja (4).svg\",\"files\\/slike\\/hrana\\/barvno\\/cesnja (5).svg\",\"files\\/slike\\/hrana\\/barvno\\/cesnja (6).svg\",\"files\\/slike\\/hrana\\/barvno\\/grozdje (1).svg\",\"files\\/slike\\/hrana\\/barvno\\/grozdje (2).svg\",\"files\\/slike\\/hrana\\/barvno\\/grozdje (3).svg\",\"files\\/slike\\/hrana\\/barvno\\/grozdje (4).svg\",\"files\\/slike\\/hrana\\/barvno\\/grozdje (5).svg\",\"files\\/slike\\/hrana\\/barvno\\/grozdje (6).svg\",\"files\\/slike\\/hrana\\/barvno\\/hruska.svg\",\"files\\/slike\\/hrana\\/barvno\\/jabolko.svg\",\"files\\/slike\\/hrana\\/barvno\\/sliva.svg\",\"files\\/slike\\/hrana\\/barvno\\/marelica.svg\",\"files\\/slike\\/prevoz\\/barvno\\/balon (1).svg\",\"files\\/slike\\/prevoz\\/barvno\\/balon (2).svg\",\"files\\/slike\\/prevoz\\/barvno\\/balon (3).svg\",\"files\\/slike\\/prevoz\\/barvno\\/balon (4).svg\",\"files\\/slike\\/prevoz\\/barvno\\/balon (5).svg\",\"files\\/slike\\/prevoz\\/barvno\\/balon (6).svg\",\"files\\/slike\\/zivali\\/barvno\\/cebela.svg\",\"files\\/slike\\/zivali\\/barvno\\/metulj (1).svg\",\"files\\/slike\\/zivali\\/barvno\\/metulj (2).svg\",\"files\\/slike\\/zivali\\/barvno\\/metulj (3).svg\",\"files\\/slike\\/zivali\\/barvno\\/metulj (4).svg\",\"files\\/slike\\/zivali\\/barvno\\/metulj (5).svg\",\"files\\/slike\\/zivali\\/barvno\\/metulj (6).svg\"],\"description\":\"Nabor slik - skupina 1\",\"edit_instructions\":\"Nabor slik predmetov, ki se lahko pojavijo na eni od lokacij. Lokacije so definirane s pivoti, zato ne priporo\\u010damo spreminjanje tega.\",\"constraints\":\"\"},\"elements2\":{\"type\":\"filelist\",\"default_value\":[\"files\\/slike\\/prevoz\\/barvno\\/balon (1).svg\",\"files\\/slike\\/prevoz\\/barvno\\/balon (2).svg\",\"files\\/slike\\/prevoz\\/barvno\\/balon (3).svg\",\"files\\/slike\\/prevoz\\/barvno\\/balon (4).svg\",\"files\\/slike\\/prevoz\\/barvno\\/balon (5).svg\",\"files\\/slike\\/prevoz\\/barvno\\/balon (6).svg\",\"files\\/slike\\/zivali\\/barvno\\/cebela.svg\",\"files\\/slike\\/zivali\\/barvno\\/metulj (1).svg\",\"files\\/slike\\/zivali\\/barvno\\/metulj (2).svg\",\"files\\/slike\\/zivali\\/barvno\\/metulj (3).svg\",\"files\\/slike\\/zivali\\/barvno\\/metulj (4).svg\",\"files\\/slike\\/zivali\\/barvno\\/metulj (5).svg\",\"files\\/slike\\/zivali\\/barvno\\/metulj (6).svg\"],\"description\":\"Nabor slik - skupina 2\",\"edit_instructions\":\"Nabor slik predmetov, ki se lahko pojavijo na eni od lokacij. Lokacije so definirane s pivoti, zato ne priporo\\u010damo spreminjanje tega.\",\"constraints\":\"\"},\"elements3\":{\"type\":\"filelist\",\"default_value\":[\"files\\/slike\\/rastline\\/barvno\\/bukev.svg\",\"files\\/slike\\/rastline\\/barvno\\/detelja.svg\",\"files\\/slike\\/rastline\\/barvno\\/hrast.svg\",\"files\\/slike\\/rastline\\/barvno\\/iglavec.svg\",\"files\\/slike\\/rastline\\/barvno\\/javor.svg\",\"files\\/slike\\/rastline\\/barvno\\/lipa.svg\",\"files\\/slike\\/rastline\\/barvno\\/listavec.svg\",\"files\\/slike\\/rastline\\/barvno\\/marjetica (1).svg\",\"files\\/slike\\/rastline\\/barvno\\/marjetica (2).svg\",\"files\\/slike\\/rastline\\/barvno\\/marjetica (3).svg\",\"files\\/slike\\/rastline\\/barvno\\/marjetica (4).svg\",\"files\\/slike\\/rastline\\/barvno\\/marjetica (5).svg\",\"files\\/slike\\/rastline\\/barvno\\/marjetica (6).svg\",\"files\\/slike\\/rastline\\/barvno\\/tulipan.svg\",\"files\\/slike\\/rastline\\/barvno\\/zvoncek.svg\",\"files\\/slike\\/sport\\/barvno\\/kosarka.svg\",\"files\\/slike\\/sport\\/barvno\\/odbojka.svg\",\"files\\/slike\\/sport\\/barvno\\/tenis01.svg\",\"files\\/slike\\/zivali\\/barvno\\/cebela.svg\",\"files\\/slike\\/zivali\\/barvno\\/hrosc.svg\",\"files\\/slike\\/zivali\\/barvno\\/jez.svg\",\"files\\/slike\\/zivali\\/barvno\\/pajek.svg\",\"files\\/slike\\/zivali\\/barvno\\/raca.svg\",\"files\\/slike\\/zivali\\/barvno\\/raca01.svg\",\"\"],\"description\":\"Nabor slik - skupina 3\",\"edit_instructions\":\"Nabor slik predmetov, ki se lahko pojavijo na eni od lokacij. Lokacije so definirane s pivoti, zato ne priporo\\u010damo spreminjanje tega.\",\"constraints\":\"\"},\"elements4\":{\"type\":\"filelist\",\"default_value\":[\"files\\/slike\\/rastline\\/barvno\\/bukev.svg\",\"files\\/slike\\/rastline\\/barvno\\/detelja.svg\",\"files\\/slike\\/rastline\\/barvno\\/hrast.svg\",\"files\\/slike\\/rastline\\/barvno\\/iglavec.svg\",\"files\\/slike\\/rastline\\/barvno\\/javor.svg\",\"files\\/slike\\/rastline\\/barvno\\/lipa.svg\",\"files\\/slike\\/rastline\\/barvno\\/listavec.svg\",\"files\\/slike\\/rastline\\/barvno\\/marjetica (1).svg\",\"files\\/slike\\/rastline\\/barvno\\/marjetica (2).svg\",\"files\\/slike\\/rastline\\/barvno\\/marjetica (3).svg\",\"files\\/slike\\/rastline\\/barvno\\/marjetica (4).svg\",\"files\\/slike\\/rastline\\/barvno\\/marjetica (5).svg\",\"files\\/slike\\/rastline\\/barvno\\/marjetica (6).svg\",\"files\\/slike\\/rastline\\/barvno\\/tulipan.svg\",\"files\\/slike\\/rastline\\/barvno\\/zvoncek.svg\",\"files\\/slike\\/sport\\/barvno\\/kosarka.svg\",\"files\\/slike\\/sport\\/barvno\\/odbojka.svg\",\"files\\/slike\\/sport\\/barvno\\/tenis01.svg\",\"files\\/slike\\/zivali\\/barvno\\/cebela.svg\",\"files\\/slike\\/zivali\\/barvno\\/hrosc.svg\",\"files\\/slike\\/zivali\\/barvno\\/jez.svg\",\"files\\/slike\\/zivali\\/barvno\\/pajek.svg\",\"files\\/slike\\/zivali\\/barvno\\/raca.svg\",\"files\\/slike\\/zivali\\/barvno\\/raca01.svg\",\"files\\/slike\\/zivali\\/barvno\\/macka.svg\",\"files\\/slike\\/zivali\\/barvno\\/medved.svg\",\"files\\/slike\\/zivali\\/barvno\\/lev.svg\",\"files\\/slike\\/zivali\\/barvno\\/mis.svg\",\"files\\/slike\\/zivali\\/barvno\\/ovca.svg\",\"files\\/slike\\/zivali\\/barvno\\/pujs.svg\",\"files\\/slike\\/zivali\\/barvno\\/sova.svg\",\"files\\/slike\\/zivali\\/barvno\\/tiger.svg\",\"files\\/slike\\/zivali\\/barvno\\/zaba (1).svg\",\"files\\/slike\\/zivali\\/barvno\\/zaba (2).svg\",\"files\\/slike\\/zivali\\/barvno\\/zaba (3).svg\",\"files\\/slike\\/zivali\\/barvno\\/zaba (4).svg\",\"files\\/slike\\/zivali\\/barvno\\/zaba (5).svg\",\"files\\/slike\\/zivali\\/barvno\\/zaba (6).svg\",\"files\\/slike\\/zivali\\/barvno\\/zajec.svg\"],\"description\":\"Nabor slik - skupina 4\",\"edit_instructions\":\"Nabor slik predmetov, ki se lahko pojavijo na eni od lokacij. Lokacije so definirane s pivoti, zato ne priporo\\u010damo spreminjanje tega.\",\"constraints\":\"\"},\"elements5\":{\"type\":\"filelist\",\"default_value\":[\"files\\/slike\\/zivali\\/barvno\\/riba (1).svg\",\"files\\/slike\\/zivali\\/barvno\\/riba (2).svg\",\"files\\/slike\\/zivali\\/barvno\\/riba (3).svg\",\"files\\/slike\\/zivali\\/barvno\\/riba (4).svg\",\"files\\/slike\\/zivali\\/barvno\\/riba (5).svg\",\"files\\/slike\\/zivali\\/barvno\\/riba (6).svg\",\"files\\/slike\\/prevoz\\/barvno\\/jadrnica (1).svg\",\"files\\/slike\\/prevoz\\/barvno\\/jadrnica (2).svg\",\"files\\/slike\\/prevoz\\/barvno\\/jadrnica (3).svg\",\"files\\/slike\\/prevoz\\/barvno\\/jadrnica (4).svg\",\"files\\/slike\\/prevoz\\/barvno\\/jadrnica (5).svg\",\"files\\/slike\\/prevoz\\/barvno\\/jadrnica (6).svg\",\"files\\/slike\\/prevoz\\/barvno\\/ladja.svg\",\"files\\/slike\\/prevoz\\/barvno\\/podmornica.svg\"],\"description\":\"Nabor slik - skupina 5\",\"edit_instructions\":\"Nabor slik predmetov, ki se lahko pojavijo na eni od lokacij. Lokacije so definirane s pivoti, zato ne priporo\\u010damo spreminjanje tega.\",\"constraints\":\"\"},\"elements6\":{\"type\":\"filelist\",\"default_value\":[\"files\\/slike\\/hrana\\/barvno\\/banana.svg\",\"files\\/slike\\/hrana\\/barvno\\/bonbon.svg\",\"files\\/slike\\/hrana\\/barvno\\/brokoli.svg\",\"files\\/slike\\/hrana\\/barvno\\/cebula.svg\",\"files\\/slike\\/hrana\\/barvno\\/cesen.svg\",\"files\\/slike\\/hrana\\/barvno\\/cesnja (1).svg\",\"files\\/slike\\/hrana\\/barvno\\/cesnja (2).svg\",\"files\\/slike\\/hrana\\/barvno\\/cesnja (3).svg\",\"files\\/slike\\/hrana\\/barvno\\/cesnja (4).svg\",\"files\\/slike\\/hrana\\/barvno\\/cesnja (5).svg\",\"files\\/slike\\/hrana\\/barvno\\/cesnja (6).svg\",\"files\\/slike\\/hrana\\/barvno\\/cili.svg\",\"files\\/slike\\/hrana\\/barvno\\/fizol.svg\",\"files\\/slike\\/hrana\\/barvno\\/fizolcki.svg\",\"files\\/slike\\/hrana\\/barvno\\/goba.svg\",\"files\\/slike\\/hrana\\/barvno\\/grozdje (1).svg\",\"files\\/slike\\/hrana\\/barvno\\/grozdje (2).svg\",\"files\\/slike\\/hrana\\/barvno\\/grozdje (3).svg\",\"files\\/slike\\/hrana\\/barvno\\/grozdje (4).svg\",\"files\\/slike\\/hrana\\/barvno\\/grozdje (5).svg\",\"files\\/slike\\/hrana\\/barvno\\/grozdje (6).svg\",\"files\\/slike\\/hrana\\/barvno\\/hlebec.svg\",\"files\\/slike\\/hrana\\/barvno\\/hruska.svg\",\"files\\/slike\\/hrana\\/barvno\\/jabolko.svg\",\"files\\/slike\\/hrana\\/barvno\\/jagoda.svg\",\"files\\/slike\\/hrana\\/barvno\\/jajce.svg\",\"files\\/slike\\/hrana\\/barvno\\/jajcevec.svg\",\"files\\/slike\\/hrana\\/barvno\\/kivi.svg\",\"files\\/slike\\/hrana\\/barvno\\/korenje (1).svg\",\"files\\/slike\\/hrana\\/barvno\\/korenje (2).svg\",\"files\\/slike\\/hrana\\/barvno\\/korenje (3).svg\",\"files\\/slike\\/hrana\\/barvno\\/korenje (4).svg\",\"files\\/slike\\/hrana\\/barvno\\/korenje (5).svg\",\"files\\/slike\\/hrana\\/barvno\\/korenje (6).svg\",\"files\\/slike\\/hrana\\/barvno\\/limona.svg\",\"files\\/slike\\/hrana\\/barvno\\/lubenica.svg\",\"files\\/slike\\/hrana\\/barvno\\/marelica.svg\",\"files\\/slike\\/hrana\\/barvno\\/meso.svg\",\"files\\/slike\\/hrana\\/barvno\\/paprika.svg\",\"files\\/slike\\/hrana\\/barvno\\/paradiznik.svg\",\"files\\/slike\\/hrana\\/barvno\\/pomaranca.svg\",\"files\\/slike\\/hrana\\/barvno\\/repa.svg\",\"files\\/slike\\/hrana\\/barvno\\/sladoled.svg\",\"files\\/slike\\/hrana\\/barvno\\/sladoled01.svg\",\"files\\/slike\\/hrana\\/barvno\\/sliva.svg\",\"files\\/slike\\/hrana\\/barvno\\/toast.svg\",\"files\\/slike\\/kuhinja\\/barvno\\/cajnik.svg\",\"files\\/slike\\/kuhinja\\/barvno\\/cajnik01.svg\",\"files\\/slike\\/kuhinja\\/barvno\\/cajnik02.svg\",\"files\\/slike\\/kuhinja\\/barvno\\/cedilo.svg\",\"files\\/slike\\/kuhinja\\/barvno\\/deska.svg\",\"files\\/slike\\/kuhinja\\/barvno\\/deska01.svg\",\"files\\/slike\\/kuhinja\\/barvno\\/detergent.svg\",\"files\\/slike\\/kuhinja\\/barvno\\/kozarec (1).svg\",\"files\\/slike\\/kuhinja\\/barvno\\/kozarec (2).svg\",\"files\\/slike\\/kuhinja\\/barvno\\/kozarec (3).svg\",\"files\\/slike\\/kuhinja\\/barvno\\/kozarec (4).svg\",\"files\\/slike\\/kuhinja\\/barvno\\/kozarec (5).svg\",\"files\\/slike\\/kuhinja\\/barvno\\/kozarec (6).svg\",\"files\\/slike\\/kuhinja\\/barvno\\/kozarec01.svg\",\"files\\/slike\\/kuhinja\\/barvno\\/kozarec02.svg\",\"files\\/slike\\/kuhinja\\/barvno\\/kozarec03.svg\",\"files\\/slike\\/kuhinja\\/barvno\\/kroznik.svg\",\"files\\/slike\\/kuhinja\\/barvno\\/krozniki.svg\",\"files\\/slike\\/kuhinja\\/barvno\\/kuhalnica.svg\",\"files\\/slike\\/kuhinja\\/barvno\\/metlica (1).svg\",\"files\\/slike\\/kuhinja\\/barvno\\/metlica (2).svg\",\"files\\/slike\\/kuhinja\\/barvno\\/metlica (3).svg\",\"files\\/slike\\/kuhinja\\/barvno\\/metlica (6).svg\",\"files\\/slike\\/kuhinja\\/barvno\\/pladen.svg\",\"files\\/slike\\/kuhinja\\/barvno\\/ponev.svg\",\"files\\/slike\\/kuhinja\\/barvno\\/ponev01.svg\",\"files\\/slike\\/kuhinja\\/barvno\\/poper.svg\",\"files\\/slike\\/kuhinja\\/barvno\\/posoda.svg\",\"files\\/slike\\/kuhinja\\/barvno\\/posoda01.svg\",\"files\\/slike\\/kuhinja\\/barvno\\/posoda02.svg\",\"files\\/slike\\/kuhinja\\/barvno\\/posoda03.svg\",\"files\\/slike\\/kuhinja\\/barvno\\/posoda04.svg\",\"files\\/slike\\/kuhinja\\/barvno\\/posoda05.svg\",\"files\\/slike\\/kuhinja\\/barvno\\/skleda.svg\",\"files\\/slike\\/kuhinja\\/barvno\\/skleda01.svg\",\"files\\/slike\\/kuhinja\\/barvno\\/skleda02.svg\",\"files\\/slike\\/kuhinja\\/barvno\\/skodelica.svg\",\"files\\/slike\\/kuhinja\\/barvno\\/skodelica01.svg\",\"files\\/slike\\/kuhinja\\/barvno\\/skodelica02.svg\",\"files\\/slike\\/kuhinja\\/barvno\\/sol.svg\",\"files\\/slike\\/kuhinja\\/barvno\\/steklenica.svg\",\"files\\/slike\\/kuhinja\\/barvno\\/steklenica01.svg\",\"files\\/slike\\/kuhinja\\/barvno\\/steklenica02.svg\",\"files\\/slike\\/kuhinja\\/barvno\\/vaza.svg\",\"files\\/slike\\/kuhinja\\/barvno\\/vaza01.svg\",\"files\\/slike\\/kuhinja\\/barvno\\/vaza02.svg\",\"files\\/slike\\/kuhinja\\/barvno\\/vaza03.svg\",\"files\\/slike\\/kuhinja\\/barvno\\/vrc.svg\",\"files\\/slike\\/kuhinja\\/barvno\\/vrc01.svg\"],\"description\":\"Nabor slik - skupina 6\",\"edit_instructions\":\"Nabor slik predmetov, ki se lahko pojavijo na eni od lokacij. Lokacije so definirane s pivoti, zato ne priporo\\u010damo spreminjanje tega.\",\"constraints\":\"\"},\"elements7\":{\"type\":\"filelist\",\"default_value\":[\"files\\/slike\\/kuhinja\\/barvno\\/kuhalnica.svg\",\"files\\/slike\\/kuhinja\\/barvno\\/metlica (1).svg\",\"files\\/slike\\/kuhinja\\/barvno\\/metlica (2).svg\",\"files\\/slike\\/kuhinja\\/barvno\\/metlica (3).svg\",\"files\\/slike\\/kuhinja\\/barvno\\/metlica (6).svg\",\"files\\/slike\\/kuhinja\\/barvno\\/noz.svg\",\"files\\/slike\\/kuhinja\\/barvno\\/noz01.svg\",\"files\\/slike\\/kuhinja\\/barvno\\/noz02.svg\",\"files\\/slike\\/kuhinja\\/barvno\\/obracalka.svg\",\"files\\/slike\\/kuhinja\\/barvno\\/obracalka.svg\",\"files\\/slike\\/kuhinja\\/barvno\\/vilice.svg\",\"files\\/slike\\/kuhinja\\/barvno\\/zajemalka.svg\",\"files\\/slike\\/kuhinja\\/barvno\\/zlica (2).svg\",\"files\\/slike\\/kuhinja\\/barvno\\/zlica.svg\",\"files\\/slike\\/kuhinja\\/barvno\\/zlica01.svg\",\"\"],\"description\":\"Nabor slik - skupina 7\",\"edit_instructions\":\"Nabor slik predmetov, ki se lahko pojavijo na eni od lokacij. Lokacije so definirane s pivoti, zato ne priporo\\u010damo spreminjanje tega.\",\"constraints\":\"\"}}','{\"min\":1,\"max\":10,\"default\":1,\"editable\":0,\"edit_instructions\":\"\"}','{\"min\":1,\"max\":10,\"default\":1,\"editable\":0,\"edit_instructions\":\"\"}','{\"min\":1,\"max\":10,\"default\":1,\"editable\":0,\"edit_instructions\":\"\"}','{\"min\":1,\"max\":10,\"default\":1,\"editable\":0,\"edit_instructions\":\"\"}',0),(337,1,'123.123.123.123','2015-09-28 18:57:35','Sestavi me','games/game.html','Uporabnik mora sestaviti sestavljanko. U??itelj lahko izbira slike, ki jih mora uporabnik sestaviti in kako so razrezane v sestavljanko.','1.0','Matev?? Baloh','2015-07-22','1.0','AGPL','V tej igri mora uporabnik sestaviti sestavljanko na podanem polju. U??itelj lahko dolo??i nabor mo??nih slik ter nabor mo??nih razrezov. Pri izboru razrezov mora izbrati take, ki pravilno razre??ejo podano sliko - da se razrezi ne bodo prekrivali in da ne bo praznih delov.','COMMENT','default|inverted|contrast','SL|EN','{\"SL\":{\"language\":\"Slovensko\",\"dict\":{\"L_INSTRUCTIONS_VIEW\":\"Dobro si oglej slike in nadaljuj.\",\"L_INSTRUCTIONS_SELECT_SEEN\":\"Izberi prej videne slike.\",\"L_INSTRUCTIONS_SELECT_UNSEEN\":\"Izberi nove slike.\",\"L_INCORRECT_LINE_ONE\":\"Ne obupaj,\",\"L_INCORRECT_LINE_TWO\":\"poskusi ponovno.\",\"L_CORRECT_LINE_ONE\":\"\\u010cestitam\",\"L_CORRECT_LINE_TWO\":\"\",\"L_BUTTON_CONTINUE\":\"Naprej\",\"L_SELECT_STATUS_DISPLAY_1\":\"Izbrani:\",\"L_SELECT_STATUS_DISPLAY_2\":\"od\",\"L_CONTINUE\":\"Nadaljuj\",\"L_BEGIN\":\"ZA\\u010cNI\",\"L_NEXT_LEVEL\":\"Naslednja stopnja\"}},\"EN\":{\"language\":\"English\",\"dict\":{\"L_INSTRUCTIONS_VIEW\":\"Look at the images, when ready, click continue.\",\"L_INSTRUCTIONS_SELECT_SEEN\":\"Find the previously seen images.\",\"L_INSTRUCTIONS_SELECT_UNSEEN\":\"Find the new images.\",\"L_INCORRECT_LINE_ONE\":\"Don\",\"L_INCORRECT_LINE_TWO\":\"try again.\",\"L_CORRECT_LINE_ONE\":\"Congratulations\",\"L_CORRECT_LINE_TWO\":\"\",\"L_BUTTON_CONTINUE\":\"Continue\",\"L_SELECT_STATUS_DISPLAY_1\":\"Selected:\",\"L_SELECT_STATUS_DISPLAY_2\":\"out of\",\"L_CONTINUE\":\"Continue\",\"L_BEGIN\":\"BEGIN\",\"L_NEXT_LEVEL\":\"Next level\"}}}','{\"instructions\":{\"type\":\"string\",\"default_value\":\"Sestavi sestavljanko.\",\"description\":\"Uvodna navodila\",\"edit_instructions\":\"Navodila prilagodite tako, da opi\\u0161ejo igro, ki jo priredite, sicer jih pustite taka kot so\",\"constraints\":\"1|300\"},\"files\":{\"type\":\"filelist\",\"default_value\":[\"files\\/sestavi me\\/motiv\\/barvno\\/kuhar.svg\",\"files\\/sestavi me\\/motiv\\/barvno\\/jez.svg\",\"files\\/sestavi me\\/motiv\\/barvno\\/morje.svg\",\"files\\/sestavi me\\/motiv\\/barvno\\/pingvin.svg\",\"files\\/sestavi me\\/motiv\\/barvno\\/potapljac.svg\",\"files\\/sestavi me\\/motiv\\/barvno\\/polje.svg\",\"files\\/sestavi me\\/motiv\\/barvno\\/luna.svg\",\"files\\/sestavi me\\/motiv\\/barvno\\/sova.svg\",\"files\\/sestavi me\\/motiv\\/barvno\\/raca.svg\",\"files\\/sestavi me\\/motiv\\/barvno\\/riba.svg\",\"files\\/sestavi me\\/motiv\\/barvno\\/ucenec.svg\",\"files\\/sestavi me\\/motiv\\/barvno\\/tenis.svg\"],\"description\":\"Motiv.\",\"edit_instructions\":\"Izberite take slike, za katere bo jasno videti kako se sestavijo, tudi ko bodo razrezane. Predlagamo slike, ki nimajo prozornega ozadja, saj se lahko zgodi, da bo kak\\u0161en od ko\\u0161\\u010dkov popolnoma prozoren, kar pomeni, da bo sestavljanka nere\\u0161ljiva.\",\"constraints\":\"\"},\"puzzles0\":{\"type\":\"filelist\",\"default_value\":[\"files\\/sestavi me\\/razrez\\/puzli_9\\/puzli_9 (1).svg\",\"files\\/sestavi me\\/razrez\\/puzli_9\\/puzli_9 (2).svg\",\"files\\/sestavi me\\/razrez\\/puzli_9\\/puzli_9 (3).svg\",\"files\\/sestavi me\\/razrez\\/puzli_9\\/puzli_9 (4).svg\",\"files\\/sestavi me\\/razrez\\/puzli_9\\/puzli_9 (5).svg\",\"files\\/sestavi me\\/razrez\\/puzli_9\\/puzli_9 (6).svg\",\"files\\/sestavi me\\/razrez\\/puzli_9\\/puzli_9 (7).svg\",\"files\\/sestavi me\\/razrez\\/puzli_9\\/puzli_9 (8).svg\",\"files\\/sestavi me\\/razrez\\/puzli_9\\/puzli_9 (9).svg\"],\"description\":\"Oblika razreza 1.\",\"edit_instructions\":\"Izberite vse slike v setu, da zagotovite, da se bo dalo celo sliko sestavit.\",\"constraints\":\"\"},\"puzzles1\":{\"type\":\"filelist\",\"default_value\":[\"files\\/sestavi me\\/razrez\\/puzli01_9\\/puzli01_9 (1).svg\",\"files\\/sestavi me\\/razrez\\/puzli01_9\\/puzli01_9 (2).svg\",\"files\\/sestavi me\\/razrez\\/puzli01_9\\/puzli01_9 (3).svg\",\"files\\/sestavi me\\/razrez\\/puzli01_9\\/puzli01_9 (4).svg\",\"files\\/sestavi me\\/razrez\\/puzli01_9\\/puzli01_9 (5).svg\",\"files\\/sestavi me\\/razrez\\/puzli01_9\\/puzli01_9 (6).svg\",\"files\\/sestavi me\\/razrez\\/puzli01_9\\/puzli01_9 (7).svg\",\"files\\/sestavi me\\/razrez\\/puzli01_9\\/puzli01_9 (8).svg\",\"files\\/sestavi me\\/razrez\\/puzli01_9\\/puzli01_9 (9).svg\"],\"description\":\"Oblika razreza 2.\",\"edit_instructions\":\"Izberite vse slike v setu, da zagotovite, da se bo dalo celo sliko sestavit.\",\"constraints\":\"\"},\"puzzles2\":{\"type\":\"filelist\",\"default_value\":[\"files\\/sestavi me\\/razrez\\/kvadrat_9\\/kvadrat_9 (1).svg\",\"files\\/sestavi me\\/razrez\\/kvadrat_9\\/kvadrat_9 (2).svg\",\"files\\/sestavi me\\/razrez\\/kvadrat_9\\/kvadrat_9 (3).svg\",\"files\\/sestavi me\\/razrez\\/kvadrat_9\\/kvadrat_9 (4).svg\",\"files\\/sestavi me\\/razrez\\/kvadrat_9\\/kvadrat_9 (5).svg\",\"files\\/sestavi me\\/razrez\\/kvadrat_9\\/kvadrat_9 (6).svg\",\"files\\/sestavi me\\/razrez\\/kvadrat_9\\/kvadrat_9 (7).svg\",\"files\\/sestavi me\\/razrez\\/kvadrat_9\\/kvadrat_9 (8).svg\",\"files\\/sestavi me\\/razrez\\/kvadrat_9\\/kvadrat_9 (9).svg\"],\"description\":\"Oblika razreza 3.\",\"edit_instructions\":\"Izberite vse slike v setu, da zagotovite, da se bo dalo celo sliko sestavit.\",\"constraints\":\"\"},\"puzzles3\":{\"type\":\"filelist\",\"default_value\":[\"\"],\"description\":\"Oblika razreza 4.\",\"edit_instructions\":\"Izberite vse slike v setu, da zagotovite, da se bo dalo celo sliko sestavit.\",\"constraints\":\"\"},\"puzzles4\":{\"type\":\"filelist\",\"default_value\":[\"\"],\"description\":\"Oblika razreza 5.\",\"edit_instructions\":\"Izberite vse slike v setu, da zagotovite, da se bo dalo celo sliko sestavit.\",\"constraints\":\"\"}}','{\"min\":1,\"max\":10,\"default\":1,\"editable\":0,\"edit_instructions\":\"\"}','{\"min\":1,\"max\":10,\"default\":1,\"editable\":0,\"edit_instructions\":\"\"}','{\"min\":1,\"max\":10,\"default\":1,\"editable\":0,\"edit_instructions\":\"\"}','{\"min\":1,\"max\":10,\"default\":1,\"editable\":0,\"edit_instructions\":\"\"}',0),(323,1,'123.123.123.123','2015-09-28 15:12:35','Manjkajo??i del','games/game.html','Odeja ima luknjo! Uporabnik mora iz nabora izbrati tisti kos, ki luknjo pravilno zakrpa. U??itelj lahko izbere mo??ne oblike luknje in mo??ne vzorce.','1.0','Matev?? Baloh','2015-07-22','1.0','AGPL','V tej igri se uporabniku prika??e zavesa, v kateri je luknja. Na desni strani pa se prika??e nabor izrezov. En od izrezov je primeren, da luknjo zakrpa. Uporabnik mora tega izbrati. U??itelj lahko dolo??i nabor vzorcev za zaveso, nabor mo??nih oblik luknje v zavesi. Pri izboru obeh naborov mora u??itelj poskrbeti, da bodo vsi mo??ni izrezi izbranih vzorcev unikatni - da ne bosta dva enaka izreza razli??nih vzorcev kreirala isti izrez. ','COMMENT','default|inverted|contrast','SL|EN','{\"EN\":{\"language\":\"English\",\"dict\":{\"L_INSTRUCTIONS_VIEW\":\"Look at the images, when ready, click continue.\",\"L_INSTRUCTIONS_SELECT_SEEN\":\"Find the previously seen images.\",\"L_INSTRUCTIONS_SELECT_UNSEEN\":\"Find the new images.\",\"L_INCORRECT_LINE_ONE\":\"Don\'t give up,\",\"L_INCORRECT_LINE_TWO\":\"try again.\",\"L_CORRECT_LINE_ONE\":\"Congratulations\",\"L_CORRECT_LINE_TWO\":\"\",\"L_BUTTON_CONTINUE\":\"Continue\",\"L_SELECT_STATUS_DISPLAY_1\":\"Selected:\",\"L_SELECT_STATUS_DISPLAY_2\":\"out of\",\"L_CONTINUE\":\"Continue\",\"L_BEGIN\":\"BEGIN\",\"L_NEXT_LEVEL\":\"Next level\"}},\"SL\":{\"language\":\"Slovensko\",\"dict\":{\"L_INSTRUCTIONS_VIEW\":\"Dobro si oglej slike in nadaljuj.\",\"L_INSTRUCTIONS_SELECT_SEEN\":\"Izberi prej videne slike.\",\"L_INSTRUCTIONS_SELECT_UNSEEN\":\"Izberi nove slike.\",\"L_INCORRECT_LINE_ONE\":\"Ne obupaj,\",\"L_INCORRECT_LINE_TWO\":\"poskusi ponovno.\",\"L_CORRECT_LINE_ONE\":\"??estitam\",\"L_CORRECT_LINE_TWO\":\"\",\"L_BUTTON_CONTINUE\":\"Naprej\",\"L_SELECT_STATUS_DISPLAY_1\":\"Izbrani:\",\"L_SELECT_STATUS_DISPLAY_2\":\"od\",\"L_CONTINUE\":\"Nadaljuj\",\"L_BEGIN\":\"ZA??NI\",\"L_NEXT_LEVEL\":\"Naslednja stopnja\"}}}','{\"instructions\":{\"type\":\"string\",\"default_value\":\"Pojavila se bo slika odeje z luknjo in nabor slik, ki odejo zakrpajo. Izberite sliko, ki luknjo zakrpa.\",\"description\":\"Uvodna navodila\",\"edit_instructions\":\"Navodila prilagodite tako, da opi\\u0161ejo igro, ki jo priredite, sicer jih pustite taka kot so\",\"constraints\":\"1|300\"},\"selectN\":{\"type\":\"int\",\"default_value\":\"9\",\"description\":\"\\u0160tevilo mo\\u017enih odgovorov.\",\"edit_instructions\":\"Izberite primerno \\u0161tevilo za va\\u0161e u\\u010dence\",\"constraints\":\"1|9|1\"},\"files\":{\"type\":\"filelist\",\"default_value\":[\"files\\/manjkajoci del\\/vzorec\\/barvno\\/ladja_jadrnica\\/ladja_jadrnica (1).svg\",\"files\\/manjkajoci del\\/vzorec\\/barvno\\/ladja_jadrnica\\/ladja_jadrnica (2).svg\",\"files\\/manjkajoci del\\/vzorec\\/barvno\\/ladja_jadrnica\\/ladja_jadrnica (3).svg\",\"files\\/manjkajoci del\\/vzorec\\/barvno\\/ladja_jadrnica\\/ladja_jadrnica (4).svg\",\"files\\/manjkajoci del\\/vzorec\\/barvno\\/ladja_jadrnica\\/ladja_jadrnica (5).svg\",\"files\\/manjkajoci del\\/vzorec\\/barvno\\/ladja_jadrnica\\/ladja_jadrnica (6).svg\",\"files\\/manjkajoci del\\/vzorec\\/barvno\\/ladja_jadrnica\\/ladja_jadrnica (7).svg\",\"files\\/manjkajoci del\\/vzorec\\/barvno\\/ladja_jadrnica\\/ladja_jadrnica (8).svg\",\"files\\/manjkajoci del\\/vzorec\\/barvno\\/ladja_jadrnica\\/ladja_jadrnica (9).svg\",\"files\\/manjkajoci del\\/vzorec\\/barvno\\/ladja_jadrnica\\/ladja_jadrnica (10).svg\"],\"description\":\"Vzorec.\",\"edit_instructions\":\"Izberite vzorce, ki se lahko pojavijo na odeji. Poskusite izbrat take, ki zgledajo vredu \\u010de so v vlogi vzorca. Za pomo\\u010d si lahko predstavljate mre\\u017eo teh slik.\",\"constraints\":\"\"},\"masks\":{\"type\":\"filelist\",\"default_value\":[\"files\\/manjkajoci del\\/izrez\\/krog.svg\",\"files\\/manjkajoci del\\/izrez\\/kvadrat.svg\",\"files\\/manjkajoci del\\/izrez\\/osemkotnik.svg\"],\"description\":\"Oblika izreza.\",\"edit_instructions\":\"Izbirate lahko katerokoli sliko s prozornim ozadjem, ne glede na barvo. \\u010ce npr. izberete \\u010de\\u0161njo s prozornim ozadjem, se bo lahko v odeji pojavila luknja v obliki \\u010de\\u0161nje\",\"constraints\":\"\"}}','{\"min\":1,\"max\":10,\"default\":1,\"editable\":0,\"edit_instructions\":\"\"}','{\"min\":1,\"max\":10,\"default\":1,\"editable\":0,\"edit_instructions\":\"\"}','{\"min\":1,\"max\":10,\"default\":1,\"editable\":0,\"edit_instructions\":\"\"}','{\"min\":1,\"max\":10,\"default\":1,\"editable\":0,\"edit_instructions\":\"\"}',0),(320,1,'123.123.123.123','2015-09-27 14:24:11','Kaj sem videl?','games/game.html','Igra s karticami - Najprej se pojavi nabor slik, ki si jih uporabnik mora zapomniti. Nato zginejo in se pojavi ve??ji nabor slik. Uporabmik mora izmed nabora poiskati vse prej videne. U??itelj lahko dolo??a nabor slik in te??avnost.','1.0','Matev?? Baloh','2015-07-22','1.0','AGPL','V tej igri se uporabniku prika??e nabor slik, katerega si mora zaponiti. Nato slike zginejo in se prika??e drug, ve??ji nabor. Izmed novih slik mora uporabnik izbrati prej videne. Ko pravilno odgovri na nekaj primerov, lahko napreduje v naslednji nivo, v katerem se pove??ata ??tevili slik v obeh naborih. U??itelj lahko dolo??i nabor slik, koliko slik se poka??e v obeh naborih v prvem nivoju, koliko pravilnih odgovorov je potrebnih za napredovat v vi??ji nivo in koliko napredka uporabnik izgubi, ??e je njegov odgovor napa??en.','COMMENT','default|inverted|contrast','SL|EN','{\"EN\":{\"language\":\"English\",\"dict\":{\"L_INSTRUCTIONS_VIEW\":\"Look at the images, when ready, click continue.\",\"L_INSTRUCTIONS_SELECT_SEEN\":\"Find the previously seen images.\",\"L_INSTRUCTIONS_SELECT_UNSEEN\":\"Find the new images.\",\"L_INCORRECT_LINE_ONE\":\"Don\'t give up,\",\"L_INCORRECT_LINE_TWO\":\"try again.\",\"L_CORRECT_LINE_ONE\":\"Congratulations\",\"L_CORRECT_LINE_TWO\":\"\",\"L_BUTTON_CONTINUE\":\"Continue\",\"L_SELECT_STATUS_DISPLAY_1\":\"Selected:\",\"L_SELECT_STATUS_DISPLAY_2\":\"out of\",\"L_CONTINUE\":\"Continue\",\"L_BEGIN\":\"BEGIN\",\"L_NEXT_LEVEL\":\"Next level\"}},\"SL\":{\"language\":\"Slovensko\",\"dict\":{\"L_INSTRUCTIONS_VIEW\":\"Dobro si oglej slike in nadaljuj.\",\"L_INSTRUCTIONS_SELECT_SEEN\":\"Izberi prej videne slike.\",\"L_INSTRUCTIONS_SELECT_UNSEEN\":\"Izberi nove slike.\",\"L_INCORRECT_LINE_ONE\":\"Ne obupaj,\",\"L_INCORRECT_LINE_TWO\":\"poskusi ponovno.\",\"L_CORRECT_LINE_ONE\":\"??estitam\",\"L_CORRECT_LINE_TWO\":\"\",\"L_BUTTON_CONTINUE\":\"Naprej\",\"L_SELECT_STATUS_DISPLAY_1\":\"Izbrani:\",\"L_SELECT_STATUS_DISPLAY_2\":\"od\",\"L_CONTINUE\":\"Nadaljuj\",\"L_BEGIN\":\"ZA??NI\",\"L_NEXT_LEVEL\":\"Naslednja stopnja\"}}}','{\"instructions\":{\"type\":\"string\",\"default_value\":\"Pojavile se bodo slike, ki si jih zapomni. Med mno\\u017eico slik izberi tiste, ki si jih prej videl. \",\"description\":\"Uvodna navodila\",\"edit_instructions\":\"Navodila prilagodite tako, da opi\\u0161ejo igro, ki jo priredite, sicer jih pustite taka kot so\",\"constraints\":\"1|300\"},\"selectN\":{\"type\":\"int\",\"default_value\":\"2\",\"description\":\"\\u0160tevilo slik, ki si jih mora uporabnik zapomnit (na prvi stopnji).\",\"edit_instructions\":\"Izberite primerno \\u0161tevilo, da ne bo u\\u010dencem prelahko na za\\u010detku. Npr. 2\\/3 za za\\u010detnike, 4\\/5 za napredne, 6\\/7 je maksimum, ki ga predlagamo.\",\"constraints\":\"1|21|1\"},\"groupN\":{\"type\":\"int\",\"default_value\":\"4\",\"description\":\"\\u0160tevilo slik, med katerimi uporabnik izbere predhodno videne.\",\"edit_instructions\":\"Izberite primerno \\u0161tevilo, da ne bo u\\u010dencem prelahko na za\\u010detku. Npr. 3-5 za za\\u010detnike, 6-10 za napredne, 11-15 je maksimum, ki ga predlagamo.\",\"constraints\":\"1|21|1\"},\"starLossOnFail\":{\"type\":\"int\",\"default_value\":\"1\",\"description\":\"\\u0160tevilo zvezdic, ki jih uporabnik izgubi ob nepravilnem odgovoru.\",\"edit_instructions\":\"Za redno igro predlagamo 0 ali 1, lahko se pa tudi pove\\u010da na npr. 5 in igro igra tako, da mora u\\u010denec igro pravilno re\\u0161iti npr. 5 krat zapored, \\u010de kadarkoli zgre\\u0161i, izgubi vse zvezdice in mora od za\\u010detka (Za tak na\\u010din igre nastavite to in progressToContinue na isto \\u0161tevilo).\",\"constraints\":\"1|100|1\"},\"progressToContinue\":{\"type\":\"int\",\"default_value\":\"3\",\"description\":\"\\u0160tevilo zvezdic, potrebnih za napredovanje v naslednjo stopnjo.\",\"edit_instructions\":\"Za hitro napredovanje predlagamo 3, za normalno igro 5-7, za po\\u010dasno igro 10, lahko pa poljubno mnogo. Igralec lahko ostane na istem nivoju tudi ko \\u017ee dose\\u017ee potrebno \\u0161tevilo zvezdic za napredovanje.\",\"constraints\":\"1|100|1\"},\"files\":{\"type\":\"filelist\",\"default_value\":[\"files\\/slike\\/hrana\\/barvno\\/banana.svg\",\"files\\/slike\\/hrana\\/barvno\\/bonbon.svg\",\"files\\/slike\\/hrana\\/barvno\\/brokoli.svg\",\"files\\/slike\\/hrana\\/barvno\\/cebula.svg\",\"files\\/slike\\/hrana\\/barvno\\/cesen.svg\",\"files\\/slike\\/hrana\\/barvno\\/cesnja (1).svg\",\"files\\/slike\\/hrana\\/barvno\\/cesnja (2).svg\",\"files\\/slike\\/hrana\\/barvno\\/cesnja (3).svg\",\"files\\/slike\\/hrana\\/barvno\\/cesnja (4).svg\",\"files\\/slike\\/hrana\\/barvno\\/cesnja (5).svg\",\"files\\/slike\\/hrana\\/barvno\\/cesnja (6).svg\",\"files\\/slike\\/hrana\\/barvno\\/cili.svg\",\"files\\/slike\\/hrana\\/barvno\\/fizol.svg\",\"files\\/slike\\/hrana\\/barvno\\/fizolcki.svg\",\"files\\/slike\\/hrana\\/barvno\\/goba.svg\",\"files\\/slike\\/hrana\\/barvno\\/grozdje (1).svg\",\"files\\/slike\\/hrana\\/barvno\\/grozdje (2).svg\",\"files\\/slike\\/hrana\\/barvno\\/grozdje (3).svg\",\"files\\/slike\\/hrana\\/barvno\\/grozdje (4).svg\",\"files\\/slike\\/hrana\\/barvno\\/grozdje (5).svg\",\"files\\/slike\\/hrana\\/barvno\\/grozdje (6).svg\",\"files\\/slike\\/hrana\\/barvno\\/hlebec.svg\",\"files\\/slike\\/hrana\\/barvno\\/hruska.svg\",\"files\\/slike\\/hrana\\/barvno\\/jabolko.svg\",\"files\\/slike\\/hrana\\/barvno\\/jagoda.svg\",\"files\\/slike\\/hrana\\/barvno\\/jajcevec.svg\",\"files\\/slike\\/hrana\\/barvno\\/korenje (1).svg\",\"files\\/slike\\/hrana\\/barvno\\/korenje (2).svg\",\"files\\/slike\\/hrana\\/barvno\\/korenje (3).svg\",\"files\\/slike\\/hrana\\/barvno\\/korenje (4).svg\",\"files\\/slike\\/hrana\\/barvno\\/korenje (5).svg\",\"files\\/slike\\/hrana\\/barvno\\/korenje (6).svg\",\"files\\/slike\\/hrana\\/barvno\\/lubenica.svg\",\"files\\/slike\\/hrana\\/barvno\\/marelica.svg\",\"files\\/slike\\/hrana\\/barvno\\/paprika.svg\",\"files\\/slike\\/hrana\\/barvno\\/paradiznik.svg\",\"files\\/slike\\/hrana\\/barvno\\/sladoled.svg\",\"files\\/slike\\/hrana\\/barvno\\/sladoled01.svg\",\"files\\/slike\\/hrana\\/barvno\\/sliva.svg\",\"files\\/slike\\/hrana\\/barvno\\/toast.svg\"],\"description\":\"Nabor slik.\",\"edit_instructions\":\"Za la\\u017eje igre izberite zelo razli\\u010dne slike, za te\\u017eje igre izberite podobne slike. Tu lahko igro priredite, da ustreza potrebam va\\u0161ega predmeta, zato predlagamo, da izbirate slike, ki so povezane s predmetom, ki ga u\\u010dite.\",\"constraints\":\"1|100\"}}','{\"min\":1,\"max\":10,\"default\":1,\"editable\":0,\"edit_instructions\":\"\"}','{\"min\":1,\"max\":10,\"default\":1,\"editable\":0,\"edit_instructions\":\"\"}','{\"min\":1,\"max\":10,\"default\":1,\"editable\":0,\"edit_instructions\":\"\"}','{\"min\":1,\"max\":10,\"default\":1,\"editable\":0,\"edit_instructions\":\"\"}',0),(354,1,'123.123.123.123','2015-09-29 15:30:47','Brajica Crke','games/upload/370/index.html','Brajica Game Crke','1.0','Mojca ??rnigoj','2015-09-29','1','AGPL','Navodila u??itelju','En komentar??ek','default|blind','SL|EN','[]','{\"crke\":{\"type\":\"stringlist\",\"default_value\":[\"a\",\"b\",\"c\",\"\\u010d\",\"d\",\"e\",\"f\",\"g\",\"h\",\"i\",\"j\",\"k\",\"l\",\"m\",\"n\",\"o\",\"p\",\"r\",\"s\",\"\\u0161\",\"t\",\"u\",\"v\",\"z\",\"\\u017e\"],\"description\":\"Vpi\\u0161ite \\u010drke, ki se bodo uporabile kot nabor \\u010drk igre\",\"edit_instructions\":\"Vpi\\u0161ite \\u010drke, ki se bodo uporabile kot nabor \\u010drk igre\",\"constraints\":\"\"},\"vrstaZacetneAbecede\":{\"type\":\"int\",\"default_value\":\"0\",\"description\":\"0=Brajica, 1= latinica: Vpi\\u0161ite 0 ali 1 za izbiro igre z vpra\\u0161ano \\u010drko v Brajici ali v \\u010drnem tisku\",\"edit_instructions\":\"0=Brajica, 1= latinica: Vpi\\u0161ite 0 ali 1 za izbiro igre z vpra\\u0161ano \\u010drko v Brajici ali v \\u010drnem tisku\",\"constraints\":\"between 0 and 1\"}}','{\"min\":1,\"max\":1,\"default\":1,\"editable\":0,\"edit_instructions\":\"\"}','{\"min\":1,\"max\":10,\"default\":10,\"editable\":1,\"edit_instructions\":\"\\u010casovni limit\"}','{\"min\":1,\"max\":1,\"default\":1,\"editable\":0,\"edit_instructions\":\"\"}','{\"min\":1,\"max\":1,\"default\":1,\"editable\":0,\"edit_instructions\":\"\"}',0),(356,1,'123.123.123.123','2015-09-29 15:41:18','Brajica Besede','games/upload/372/index.html','Brajica Game Crke','1.0','Brajica Besede','2015-09-29','1','AGPL','Navodila u??itelju','En komentar??ek','default|blind','SL|EN','[]','{\"besede\":{\"type\":\"stringlist\",\"default_value\":[\"soNce\",\"maslo\",\"Jagoda\",\"morje\",\"korala\",\"de\\u017dNik\",\"medved\",\"\\u0161olar\",\"\\u010distilo\",\"ma\\u010dka\",\"\\u010de\\u0161nja\",\"vrti\\u010dek\",\"\\u010debula\",\"\\u010dmrlj\",\"VIJAK\",\"trikot\",\"zmaga\",\"skodela\",\"kostanj\"],\"description\":\"Vpi\\u0161ite \\u010drke, ki se bodo uporabile kot nabor \\u010drk igre\",\"edit_instructions\":\"Vpi\\u0161ite \\u010drke, ki se bodo uporabile kot nabor \\u010drk igre\",\"constraints\":\"\"},\"vrstaZacetneAbecede\":{\"type\":\"int\",\"default_value\":\"0\",\"description\":\"0=Brajica, 1= latinica: Vpi\\u0161ite 0 ali 1 za izbiro igre z vpra\\u0161ano \\u010drko v Brajici ali v \\u010drnem tisku\",\"edit_instructions\":\"0=Brajica, 1= latinica: Vpi\\u0161ite 0 ali 1 za izbiro igre z vpra\\u0161ano \\u010drko v Brajici ali v \\u010drnem tisku\",\"constraints\":\"between 0 and 1\"}}','{\"min\":1,\"max\":1,\"default\":1,\"editable\":0,\"edit_instructions\":\"\"}','{\"min\":1,\"max\":10,\"default\":10,\"editable\":1,\"edit_instructions\":\"\\u010casovni limit\"}','{\"min\":1,\"max\":1,\"default\":1,\"editable\":0,\"edit_instructions\":\"\"}','{\"min\":1,\"max\":1,\"default\":1,\"editable\":0,\"edit_instructions\":\"\"}',0),(357,1,'123.123.123.123','2015-09-29 15:55:58','Brajica Zgodovina','games/upload/373/index.html','Brajica Game Crke','1.0','Mojca ??rnigoj','2015-09-29','1','AGPL','Navodila u??itelju','En komentar??ek','default|blind','SL|EN','[]','[]','{\"min\":1,\"max\":1,\"default\":1,\"editable\":0,\"edit_instructions\":\"\"}','{\"min\":1,\"max\":10,\"default\":10,\"editable\":1,\"edit_instructions\":\"\\u010casovni limit\"}','{\"min\":1,\"max\":1,\"default\":1,\"editable\":0,\"edit_instructions\":\"\"}','{\"min\":1,\"max\":1,\"default\":1,\"editable\":0,\"edit_instructions\":\"\"}',0),(358,1,'123.123.123.123','2015-09-29 16:03:37','Brajica  Kaj je','games/upload/374/index.html','Zgodovina Brajice','1.0','Brajica Zgodovina','2015-09-29','1','AGPL','Navodila u??itelju','En komentar??ek','default|blind','SL|EN','[]','[]','{\"min\":1,\"max\":1,\"default\":1,\"editable\":0,\"edit_instructions\":\"\"}','{\"min\":1,\"max\":10,\"default\":10,\"editable\":1,\"edit_instructions\":\"\\u010casovni limit\"}','{\"min\":1,\"max\":1,\"default\":1,\"editable\":0,\"edit_instructions\":\"\"}','{\"min\":1,\"max\":1,\"default\":1,\"editable\":0,\"edit_instructions\":\"\"}',0),(359,1,'123.123.123.123','2015-09-29 16:06:58','Brajica  Zrcalce Zrcalce','games/upload/375/index.html','Prikaz pretvorbe','1.0','Brajica  Kaj je','2015-09-29','1','AGPL','Navodila u??itelju','En komentar??ek','default|blind','SL|EN','[]','[]','{\"min\":1,\"max\":1,\"default\":1,\"editable\":0,\"edit_instructions\":\"\"}','{\"min\":1,\"max\":10,\"default\":10,\"editable\":1,\"edit_instructions\":\"\\u010casovni limit\"}','{\"min\":1,\"max\":1,\"default\":1,\"editable\":0,\"edit_instructions\":\"\"}','{\"min\":1,\"max\":1,\"default\":1,\"editable\":0,\"edit_instructions\":\"\"}',0),(362,1,'123.123.123.123','2015-09-30 16:38:13','Slepo tipkanje','games/upload/379/index.html','Tipkanje','1.0','Slepo tipkanje','2015-05-05','1.0','AGPL','TEACHER INSTRUCTIONS','COMMENT','default','SL|EN','[]','{\"text\":{\"type\":\"string\",\"default_value\":\"a b c d e f g h i j k l m n o p q r s t u v w x y z\",\"description\":\"Besede za vajo\",\"edit_instructions\":\"Besede naj bodo lo\\u010dene s presledki\",\"constraints\":\"1|5000\"},\"displayType\":{\"type\":\"int\",\"default_value\":\"1\",\"description\":\"Na\\u010din prikaza besedila\",\"edit_instructions\":\"1 - celo besedilo, 2 - vrstica besedila, 3 - vrstica besedila z zamikanjem, 4 - ena beseda, 5 - ena \\u010drka\",\"constraints\":\"1|5\"},\"lineLength\":{\"type\":\"int\",\"default_value\":\"3\",\"description\":\"\\u0160tevilo besed v generiranem besedilu\",\"edit_instructions\":\"Celo \\u0161tevilo\",\"constraints\":\"1|100\"},\"lineLengthWhole\":{\"type\":\"int\",\"default_value\":\"3\",\"description\":\"\\u0160tevilo znakov v vrstici za na\\u010dina 2 in 3\",\"edit_instructions\":\"Celo \\u0161tevilo\",\"constraints\":\"1|100\"},\"markColor\":{\"type\":\"string\",\"default_value\":\"000000\",\"description\":\"Barva obrobe \\u010drke, ki je trenutno v fokusu\",\"edit_instructions\":\"Hex\",\"constraints\":\"1|100\"},\"fontColor\":{\"type\":\"string\",\"default_value\":\"223344\",\"description\":\"Barva nenatipkanega besedila\",\"edit_instructions\":\"Hex\",\"constraints\":\"1|100\"},\"fontSize\":{\"type\":\"int\",\"default_value\":\"50\",\"description\":\"Velikost pisave\",\"edit_instructions\":\"Celo \\u0161tevilo\",\"constraints\":\"12|200\"},\"cFontColor\":{\"type\":\"string\",\"default_value\":\"000000\",\"description\":\"Barva pisave pravilno natipkanega besedila\",\"edit_instructions\":\"Hex\",\"constraints\":\"1|100\"},\"mFontColor\":{\"type\":\"string\",\"default_value\":\"000000\",\"description\":\"Barva pisave napa\\u010dno natipkanega besedila\",\"edit_instructions\":\"Hex\",\"constraints\":\"1|100\"},\"cBackColor\":{\"type\":\"string\",\"default_value\":\"FFF277\",\"description\":\"Barva ozadja pravilno natipkanega besedila\",\"edit_instructions\":\"Hex\",\"constraints\":\"1|100\"},\"mBackColor\":{\"type\":\"string\",\"default_value\":\"FF7C78\",\"description\":\"Barva ozadja napa\\u010dno natipkanega besedila\",\"edit_instructions\":\"Hex\",\"constraints\":\"1|100\"},\"backgroundColor\":{\"type\":\"string\",\"default_value\":\"ffffff\",\"description\":\"Barva ozadja\",\"edit_instructions\":\"Hex\",\"constraints\":\"1|100\"},\"nacin\":{\"type\":\"int\",\"default_value\":\"1\",\"description\":\"Zahtevnost\",\"edit_instructions\":\"0 - osnovni na\\u010din, 1 - napredni na\\u010din\",\"constraints\":\"0|1\"}}','{\"min\":1,\"max\":1,\"default\":1,\"editable\":0,\"edit_instructions\":\"irrelevant\"}','{\"min\":1,\"max\":1,\"default\":1,\"editable\":0,\"edit_instructions\":\"irrelevant\"}','{\"min\":1,\"max\":1,\"default\":1,\"editable\":0,\"edit_instructions\":\"irrelevant\"}','{\"min\":1,\"max\":1,\"default\":1,\"editable\":0,\"edit_instructions\":\"irrelevant\"}',0);
/*!40000 ALTER TABLE `zs_game` ENABLE KEYS */;
UNLOCK TABLES;

--
-- Table structure for table `zs_instance`
--

DROP TABLE IF EXISTS `zs_instance`;
/*!40101 SET @saved_cs_client     = @@character_set_client */;
/*!40101 SET character_set_client = utf8 */;
CREATE TABLE `zs_instance` (
  `instance_id` int(11) NOT NULL AUTO_INCREMENT,
  `instance_name` varchar(255) DEFAULT NULL,
  `instance_glyph` varchar(255) DEFAULT NULL,
  `instance_description` text,
  `instance_class_id` int(11) DEFAULT NULL,
  `instance_created_datetime` datetime DEFAULT NULL,
  `instance_created_user_id` int(11) DEFAULT NULL,
  `instance_game_id` int(11) DEFAULT NULL,
  `instance_difficulty` int(11) DEFAULT NULL,
  `instance_time_limit` int(11) DEFAULT NULL,
  `instance_levels` int(11) DEFAULT NULL,
  `instance_retries_available` int(11) DEFAULT NULL,
  `instance_deleted` int(11) DEFAULT '0' COMMENT '0 if not deleted, 1 if deleted',
  PRIMARY KEY (`instance_id`)
) ENGINE=MyISAM AUTO_INCREMENT=651 DEFAULT CHARSET=utf8;
/*!40101 SET character_set_client = @saved_cs_client */;

--
-- Dumping data for table `zs_instance`
--

LOCK TABLES `zs_instance` WRITE;
/*!40000 ALTER TABLE `zs_instance` DISABLE KEYS */;
INSERT INTO `zs_instance` VALUES (639,'Vse ??rke','files/prikazne%20slike/slepo_tipkanje.svg','',35,'2015-09-30 23:07:05',1,362,0,0,0,0,0),(637,'??','files/prikazne%20slike/slepo_tipkanje.svg','',35,'2015-09-30 22:59:49',1,362,0,0,0,0,0),(638,'?? besede','files/prikazne%20slike/slepo_tipkanje.svg','',35,'2015-09-30 23:00:24',1,362,0,0,0,0,0),(635,'??.','files/prikazne%20slike/slepo_tipkanje.svg','',35,'2015-09-30 22:58:42',1,362,0,0,0,0,0),(636,'??. besede','files/prikazne%20slike/slepo_tipkanje.svg','',35,'2015-09-30 22:59:16',1,362,0,0,0,0,0),(634,'TZ besede','files/prikazne%20slike/slepo_tipkanje.svg','',35,'2015-09-30 22:57:40',1,362,0,0,0,0,0),(632,'BN besede','files/prikazne%20slike/slepo_tipkanje.svg','',35,'2015-09-30 22:56:28',1,362,0,0,0,0,0),(630,'OP besede','files/prikazne%20slike/slepo_tipkanje.svg','',35,'2015-09-30 22:54:58',1,362,0,0,0,0,0),(628,'C, besede','files/prikazne%20slike/slepo_tipkanje.svg','',35,'2015-09-30 22:53:35',1,362,0,0,0,0,0),(625,'VM','files/prikazne%20slike/slepo_tipkanje.svg','',35,'2015-09-30 22:51:55',1,362,0,0,0,0,0),(624,'RU besede','files/prikazne%20slike/slepo_tipkanje.svg','',35,'2015-09-30 22:51:16',1,362,0,0,0,0,0),(621,'EI','files/prikazne%20slike/slepo_tipkanje.svg','',35,'2015-09-30 22:49:13',1,362,0,0,0,0,0),(619,'GH','files/prikazne%20slike/slepo_tipkanje.svg','',35,'2015-09-30 22:48:08',1,362,0,0,0,0,0),(618,'ASDF JKL??','files/prikazne%20slike/slepo_tipkanje.svg','',35,'2015-09-30 22:47:27',1,362,0,0,0,0,0),(616,'A??','files/prikazne%20slike/slepo_tipkanje.svg','',35,'2015-09-30 22:46:15',1,362,0,0,0,0,0),(617,'SL','files/prikazne%20slike/slepo_tipkanje.svg','',35,'2015-09-30 22:46:52',1,362,0,0,0,0,0),(614,'FJ','files/prikazne%20slike/slepo_tipkanje.svg','',35,'2015-09-30 22:44:14',1,362,0,0,0,0,0),(615,'DK','files/prikazne%20slike/slepo_tipkanje.svg','',35,'2015-09-30 22:45:22',1,362,0,0,0,0,0),(576,' Zrcalce, povej!','files/prikazne%20slike/brajica.svg','',34,'2015-09-29 16:07:28',1,359,0,10,0,0,0),(569,'Brajev stroj znaki','files/prikazne%20slike/brajica.svg','',34,'2015-09-29 15:34:44',1,354,0,10,0,0,0),(542,'Kaj je novega','files/slike/zivali/sivinsko/cebela.svg','',33,'2015-09-28 21:41:37',1,318,0,0,0,0,0),(540,'Sestavi me 2','files/sestavi me/motiv/linijsko/ucenec.svg','',33,'2015-09-28 21:29:35',1,337,0,0,0,0,0),(537,'Kaj je novega? (2)','files/slike/garderoba/temno_ozadje/deznik (1).svg','',33,'2015-09-28 19:13:01',1,318,0,0,0,0,0),(535,'Sestavi me','files/sestavi me/motiv/barvno/pingvin.svg','',33,'2015-09-28 19:00:51',1,337,0,0,0,0,0),(534,'Zaporedja (2)','files/slike/geometrija/sivinsko/petkotnik (5).svg','',33,'2015-09-28 18:59:43',1,312,0,0,0,0,0),(530,'Kaj sem videl? (2)','files/slike/zivali/linijsko/zajec.svg','',33,'2015-09-28 18:43:57',1,320,0,0,0,0,0),(527,'Skriti predmeti','files/prikazne slike/kuhinja01.svg','',33,'2015-09-28 18:26:07',1,335,0,0,0,0,0),(522,'Kaj sem videl?','files/prikazne slike/sadje.svg','',33,'2015-09-28 18:12:00',1,320,0,0,0,0,0),(517,'Zaporedja','files/prikazne slike/orodje.svg','',33,'2015-09-28 18:06:41',1,312,0,0,0,0,0),(543,'Kaj manjka 2','files/slike/rastline/linijsko/cvetlicni_lonec (3).svg','',33,'2015-09-28 21:47:27',1,315,0,0,0,0,0),(541,'Zaporedja','files/slike/prazniki/sivinsko/netopir.svg','',33,'2015-09-28 21:34:01',1,312,0,0,0,0,0),(633,'TZ','files/prikazne%20slike/slepo_tipkanje.svg','',35,'2015-09-30 22:57:04',1,362,0,0,0,0,0),(631,'BN','files/prikazne%20slike/slepo_tipkanje.svg','',35,'2015-09-30 22:55:44',1,362,0,0,0,0,0),(629,'OP','files/prikazne%20slike/slepo_tipkanje.svg','',35,'2015-09-30 22:54:16',1,362,0,0,0,0,0),(627,'C,','files/prikazne%20slike/slepo_tipkanje.svg','',35,'2015-09-30 22:53:01',1,362,0,0,0,0,0),(626,'VM besede','files/prikazne%20slike/slepo_tipkanje.svg','',35,'2015-09-30 22:52:27',1,362,0,0,0,0,0),(525,'Manjkajo??i del','files/prikazne slike/prevozna_sredstva.svg','',33,'2015-09-28 18:22:33',1,323,0,0,0,0,0),(520,'Kaj manjka?','files/prikazne slike/garderoba.svg','',33,'2015-09-28 18:10:07',1,315,0,0,0,0,0),(519,'Kaj je novega?','files/prikazne slike/kuhinja.svg','',33,'2015-09-28 18:08:36',1,318,0,0,0,0,0),(623,'RU','files/prikazne%20slike/slepo_tipkanje.svg','',35,'2015-09-30 22:50:31',1,362,0,0,0,0,0),(622,'EI besede','files/prikazne%20slike/slepo_tipkanje.svg','',35,'2015-09-30 22:49:52',1,362,0,0,0,0,0),(620,'GH besede','files/prikazne%20slike/slepo_tipkanje.svg','',35,'2015-09-30 22:48:41',1,362,0,0,0,0,0),(544,'Kaj sem videl 2','files/slike/prevoz/linijsko/ladja.svg','',33,'2015-09-28 21:52:30',1,320,0,0,0,0,0),(643,'Zme??njava besed','files/prikazne%20slike/slepo_tipkanje.svg','',35,'2015-09-30 23:18:05',1,362,0,0,0,0,0),(644,'Manjkajo??i del (2)','files/manjkajoci del/vzorec/sivinsko/metulj/metuj (2).svg','',33,'2015-10-01 08:23:20',1,323,0,0,0,0,0),(645,'Skriti znak','files/prikazne%20slike/brajica.svg','',34,'2015-10-01 08:29:24',1,354,0,10,0,0,0),(647,'Skrita beseda','files/prikazne%20slike/brajica.svg','',34,'2015-10-01 08:31:38',1,356,0,10,0,0,0),(648,'Brajev stroj besede','files/prikazne%20slike/brajica.svg','',34,'2015-10-01 08:34:39',1,356,0,10,0,0,0),(649,'Kaj je brajica?','files/prikazne%20slike/brajica.svg','',34,'2015-10-01 08:36:54',1,357,0,10,0,0,0),(650,'Razvoj brajice','files/prikazne%20slike/brajica.svg','',34,'2015-10-01 08:37:20',1,358,0,10,0,0,0);
/*!40000 ALTER TABLE `zs_instance` ENABLE KEYS */;
UNLOCK TABLES;

--
-- Table structure for table `zs_score`
--

DROP TABLE IF EXISTS `zs_score`;
/*!40101 SET @saved_cs_client     = @@character_set_client */;
/*!40101 SET character_set_client = utf8 */;
CREATE TABLE `zs_score` (
  `score_id` int(11) NOT NULL AUTO_INCREMENT,
  `score_datetime` datetime DEFAULT NULL,
  `score_user_id` int(11) DEFAULT NULL,
  `score_user_ip` varchar(45) DEFAULT NULL,
  `score_instance_id` int(11) DEFAULT NULL,
  `score_value` int(11) DEFAULT NULL,
  `score_description` text,
  PRIMARY KEY (`score_id`)
) ENGINE=MyISAM AUTO_INCREMENT=339 DEFAULT CHARSET=utf8;
/*!40101 SET character_set_client = @saved_cs_client */;

--
-- Dumping data for table `zs_score`
--

LOCK TABLES `zs_score` WRITE;
/*!40000 ALTER TABLE `zs_score` DISABLE KEYS */;
/*!40000 ALTER TABLE `zs_score` ENABLE KEYS */;
UNLOCK TABLES;

--
-- Table structure for table `zs_session`
--

DROP TABLE IF EXISTS `zs_session`;
/*!40101 SET @saved_cs_client     = @@character_set_client */;
/*!40101 SET character_set_client = utf8 */;
CREATE TABLE `zs_session` (
  `session_id` varchar(255) NOT NULL,
  `session_user_id` int(11) DEFAULT NULL,
  `session_user_ip` varchar(45) DEFAULT NULL,
  `session_datetime` datetime DEFAULT NULL,
  `session_user_agent` varchar(255) DEFAULT NULL,
  `session_last_access` datetime DEFAULT NULL,
  PRIMARY KEY (`session_id`)
) ENGINE=MyISAM DEFAULT CHARSET=utf8;
/*!40101 SET character_set_client = @saved_cs_client */;

--
-- Dumping data for table `zs_session`
--

LOCK TABLES `zs_session` WRITE;
/*!40000 ALTER TABLE `zs_session` DISABLE KEYS */;
/*!40000 ALTER TABLE `zs_session` ENABLE KEYS */;
UNLOCK TABLES;

--
-- Table structure for table `zs_student`
--

DROP TABLE IF EXISTS `zs_student`;
/*!40101 SET @saved_cs_client     = @@character_set_client */;
/*!40101 SET character_set_client = utf8 */;
CREATE TABLE `zs_student` (
  `student_id` int(11) NOT NULL AUTO_INCREMENT,
  `student_user_id` int(11) DEFAULT NULL,
  `student_class_id` int(11) DEFAULT NULL,
  `student_enroll_datetime` datetime DEFAULT NULL,
  `student_role` int(11) DEFAULT '0',
  PRIMARY KEY (`student_id`)
) ENGINE=MyISAM AUTO_INCREMENT=107 DEFAULT CHARSET=utf8;
/*!40101 SET character_set_client = @saved_cs_client */;

--
-- Dumping data for table `zs_student`
--

LOCK TABLES `zs_student` WRITE;
/*!40000 ALTER TABLE `zs_student` DISABLE KEYS */;
/*!40000 ALTER TABLE `zs_student` ENABLE KEYS */;
UNLOCK TABLES;

--
-- Table structure for table `zs_user`
--

DROP TABLE IF EXISTS `zs_user`;
/*!40101 SET @saved_cs_client     = @@character_set_client */;
/*!40101 SET character_set_client = utf8 */;
CREATE TABLE `zs_user` (
  `user_id` int(11) NOT NULL AUTO_INCREMENT,
  `user_ip` varchar(45) DEFAULT NULL,
  `user_datetime` datetime DEFAULT NULL,
  `user_username` varchar(45) DEFAULT NULL,
  `user_password_hash` varchar(255) DEFAULT NULL,
  `user_name` varchar(255) DEFAULT NULL,
  `user_surname` varchar(255) DEFAULT NULL,
  `user_role` int(11) DEFAULT NULL,
  `user_language` varchar(45) DEFAULT NULL,
  `user_styles` varchar(255) DEFAULT NULL,
  `user_deleted` int(11) DEFAULT NULL COMMENT '0 if not deleted; 1 if deleted',
  PRIMARY KEY (`user_id`)
) ENGINE=MyISAM AUTO_INCREMENT=66 DEFAULT CHARSET=utf8;
/*!40101 SET character_set_client = @saved_cs_client */;

--
-- Dumping data for table `zs_user`
--

LOCK TABLES `zs_user` WRITE;
/*!40000 ALTER TABLE `zs_user` DISABLE KEYS */;
INSERT INTO `zs_user` VALUES (1,'123.123.123.123','2015-10-09 11:39:07','admin','21232f297a57a5a743894a0e4a801fc3','Admin','Admin',2,'SL','default',0);
/*!40000 ALTER TABLE `zs_user` ENABLE KEYS */;
UNLOCK TABLES;

--
-- Table structure for table `zs_variable`
--

DROP TABLE IF EXISTS `zs_variable`;
/*!40101 SET @saved_cs_client     = @@character_set_client */;
/*!40101 SET character_set_client = utf8 */;
CREATE TABLE `zs_variable` (
  `variable_id` int(11) NOT NULL AUTO_INCREMENT,
  `variable_instance_id` int(11) DEFAULT NULL,
  `variable_game_id` int(11) DEFAULT NULL,
  `variable_name` varchar(45) DEFAULT NULL,
  `variable_type` varchar(45) DEFAULT NULL,
  `variable_value` text,
  PRIMARY KEY (`variable_id`)
) ENGINE=MyISAM AUTO_INCREMENT=4796 DEFAULT CHARSET=utf8;
/*!40101 SET character_set_client = @saved_cs_client */;

--
-- Dumping data for table `zs_variable`
--

LOCK TABLES `zs_variable` WRITE;
/*!40000 ALTER TABLE `zs_variable` DISABLE KEYS */;
INSERT INTO `zs_variable` VALUES (3546,517,0,'instructions','string','Pojavile se bodo slike, ki si jih zapomni. Med novimi slikami izberi prej videne v pravem zaporedju.'),(3547,517,0,'selectN','int','2'),(3548,517,0,'groupN','int','4'),(3549,517,0,'starLossOnFail','int','1'),(3550,517,0,'progressToContinue','int','3'),(3551,517,0,'files','filelist','files/slike/orodje/barvno/copic.svg|files/slike/orodje/barvno/copic01.svg|files/slike/orodje/barvno/izvijac.svg|files/slike/orodje/barvno/izvijac01.svg|files/slike/orodje/barvno/izvijac02.svg|files/slike/orodje/barvno/kladivo.svg|files/slike/orodje/barvno/kljuc.svg|files/slike/orodje/barvno/kljuc01.svg|files/slike/orodje/barvno/kljuc02.svg|files/slike/orodje/barvno/lestev.svg|files/slike/orodje/barvno/matica.svg|files/slike/orodje/barvno/ravnilo.svg|files/slike/orodje/barvno/ravnilo01.svg|files/slike/orodje/barvno/valjcek.svg|files/slike/orodje/barvno/zaga.svg|files/slike/orodje/barvno/zebelj.svg|files/slike/orodje/barvno/zebelj01.svg|files/slike/kuhinja/barvno/detergent.svg|files/slike/kuhinja/barvno/prasek.svg|files/slike/kuhinja/barvno/skleda.svg|files/slike/kuhinja/barvno/spuzva.svg|files/slike/kuhinja/barvno/vedro.svg|files/slike/kopalnica/barvno/skarje.svg'),(3558,519,0,'instructions','string','Pojavile se bodo slike, ki si jih dobro oglej. Med novimi slikami izberi samo nove.'),(3559,519,0,'selectN','int','2'),(3560,519,0,'groupN','int','4'),(3561,519,0,'starLossOnFail','int','1'),(3562,519,0,'progressToContinue','int','3'),(3563,519,0,'files','filelist','files/slike/kuhinja/barvno/cajnik.svg|files/slike/kuhinja/barvno/cajnik01.svg|files/slike/kuhinja/barvno/cajnik02.svg|files/slike/kuhinja/barvno/cedilo.svg|files/slike/kuhinja/barvno/deska.svg|files/slike/kuhinja/barvno/deska01.svg|files/slike/kuhinja/barvno/kapa.svg|files/slike/kuhinja/barvno/kos.svg|files/slike/kuhinja/barvno/kozarec (1).svg|files/slike/kuhinja/barvno/kozarec (2).svg|files/slike/kuhinja/barvno/kozarec (3).svg|files/slike/kuhinja/barvno/kozarec (4).svg|files/slike/kuhinja/barvno/kozarec (5).svg|files/slike/kuhinja/barvno/kozarec (6).svg|files/slike/kuhinja/barvno/kozarec01.svg|files/slike/kuhinja/barvno/kozarec02.svg|files/slike/kuhinja/barvno/kozarec03.svg|files/slike/kuhinja/barvno/kroznik.svg|files/slike/kuhinja/barvno/krozniki.svg|files/slike/kuhinja/barvno/kuhalnica.svg|files/slike/kuhinja/barvno/metlica (1).svg|files/slike/kuhinja/barvno/metlica (2).svg|files/slike/kuhinja/barvno/metlica (3).svg|files/slike/kuhinja/barvno/metlica (4).svg|files/slike/kuhinja/barvno/metlica (5).svg|files/slike/kuhinja/barvno/metlica (6).svg|files/slike/kuhinja/barvno/noz.svg|files/slike/kuhinja/barvno/noz01.svg|files/slike/kuhinja/barvno/noz02.svg|files/slike/kuhinja/barvno/obracalka.svg|files/slike/kuhinja/barvno/obracalka01.svg|files/slike/kuhinja/barvno/pladen.svg|files/slike/kuhinja/barvno/ponev.svg|files/slike/kuhinja/barvno/ponev01.svg|files/slike/kuhinja/barvno/posoda.svg|files/slike/kuhinja/barvno/posoda01.svg|files/slike/kuhinja/barvno/posoda02.svg|files/slike/kuhinja/barvno/posoda03.svg|files/slike/kuhinja/barvno/valjar.svg|files/slike/kuhinja/barvno/vrc.svg|files/slike/kuhinja/barvno/vrc01.svg'),(3564,520,0,'instructions','string','Pojavile se bodo slike, ki si jih zapomni. Med novimi slikami poi????i manjkajo??e.'),(3565,520,0,'selectN','int','2'),(3566,520,0,'reduceN','int','1'),(3567,520,0,'groupN','int','4'),(3568,520,0,'starLossOnFail','int','1'),(3569,520,0,'progressToContinue','int','3'),(3570,520,0,'files','filelist','files/slike/garderoba/barvno/bluza (1).svg|files/slike/garderoba/barvno/bluza (2).svg|files/slike/garderoba/barvno/bluza (3).svg|files/slike/garderoba/barvno/bluza (4).svg|files/slike/garderoba/barvno/bluza (5).svg|files/slike/garderoba/barvno/bluza (6).svg|files/slike/garderoba/barvno/deznik (1).svg|files/slike/garderoba/barvno/deznik (2).svg|files/slike/garderoba/barvno/deznik (3).svg|files/slike/garderoba/barvno/deznik (4).svg|files/slike/garderoba/barvno/deznik (5).svg|files/slike/garderoba/barvno/deznik (6).svg|files/slike/garderoba/barvno/dolge_hlace.svg|files/slike/garderoba/barvno/gleznar.svg|files/slike/garderoba/barvno/gumb (1).svg|files/slike/garderoba/barvno/gumb (2).svg|files/slike/garderoba/barvno/gumb (3).svg|files/slike/garderoba/barvno/gumb (4).svg|files/slike/garderoba/barvno/gumb (5).svg|files/slike/garderoba/barvno/gumb (6).svg|files/slike/garderoba/barvno/jopica.svg|files/slike/garderoba/barvno/kapa (1).svg|files/slike/garderoba/barvno/kapa (2).svg|files/slike/garderoba/barvno/kapa (3).svg|files/slike/garderoba/barvno/kapa (4).svg|files/slike/garderoba/barvno/kapa (5).svg|files/slike/garderoba/barvno/kapa (6).svg|files/slike/garderoba/barvno/kopalke.svg|files/slike/garderoba/barvno/kratke_hlace.svg|files/slike/garderoba/barvno/krilo.svg|files/slike/garderoba/barvno/majica.svg|files/slike/garderoba/barvno/majica_rokav.svg|files/slike/garderoba/barvno/natikaci.svg|files/slike/garderoba/barvno/nogavice.svg|files/slike/garderoba/barvno/nogavice01.svg|files/slike/garderoba/barvno/obesalnik.svg|files/slike/garderoba/barvno/obleka (1).svg|files/slike/garderoba/barvno/obleka (2).svg|files/slike/garderoba/barvno/obleka (3).svg|files/slike/garderoba/barvno/obleka (4).svg|files/slike/garderoba/barvno/obleka (5).svg|files/slike/garderoba/barvno/pas.svg|files/slike/garderoba/barvno/rokavice.svg|files/slike/garderoba/barvno/sal.svg|files/slike/garderoba/barvno/salonar.svg|files/slike/garderoba/barvno/spodnja_majica.svg|files/slike/garderoba/barvno/spodnjice.svg'),(3585,522,0,'instructions','string','Pojavile se bodo slike, ki si jih zapomni. Med mno??ico slik izberi tiste, ki si jih prej videl. '),(3586,522,0,'selectN','int','2'),(3587,522,0,'groupN','int','4'),(3588,522,0,'starLossOnFail','int','1'),(3589,522,0,'progressToContinue','int','3'),(3590,522,0,'files','filelist','files/slike/hrana/barvno/banana.svg|files/slike/hrana/barvno/bonbon.svg|files/slike/hrana/barvno/brokoli.svg|files/slike/hrana/barvno/cebula.svg|files/slike/hrana/barvno/cesen.svg|files/slike/hrana/barvno/cesnja (1).svg|files/slike/hrana/barvno/cesnja (2).svg|files/slike/hrana/barvno/cesnja (3).svg|files/slike/hrana/barvno/cesnja (4).svg|files/slike/hrana/barvno/cesnja (5).svg|files/slike/hrana/barvno/cesnja (6).svg|files/slike/hrana/barvno/cili.svg|files/slike/hrana/barvno/fizol.svg|files/slike/hrana/barvno/fizolcki.svg|files/slike/hrana/barvno/goba.svg|files/slike/hrana/barvno/grozdje (1).svg|files/slike/hrana/barvno/grozdje (2).svg|files/slike/hrana/barvno/grozdje (3).svg|files/slike/hrana/barvno/grozdje (4).svg|files/slike/hrana/barvno/grozdje (5).svg|files/slike/hrana/barvno/grozdje (6).svg|files/slike/hrana/barvno/hlebec.svg|files/slike/hrana/barvno/hruska.svg|files/slike/hrana/barvno/jabolko.svg|files/slike/hrana/barvno/jagoda.svg|files/slike/hrana/barvno/jajcevec.svg|files/slike/hrana/barvno/korenje (1).svg|files/slike/hrana/barvno/korenje (2).svg|files/slike/hrana/barvno/korenje (3).svg|files/slike/hrana/barvno/korenje (4).svg|files/slike/hrana/barvno/korenje (5).svg|files/slike/hrana/barvno/korenje (6).svg|files/slike/hrana/barvno/lubenica.svg|files/slike/hrana/barvno/marelica.svg|files/slike/hrana/barvno/paprika.svg|files/slike/hrana/barvno/paradiznik.svg|files/slike/hrana/barvno/sladoled.svg|files/slike/hrana/barvno/sladoled01.svg|files/slike/hrana/barvno/sliva.svg|files/slike/hrana/barvno/toast.svg'),(3599,525,0,'instructions','string','Kopalni??ka zavesa ima luknjo. Katera slika jo zakrpa?'),(3600,525,0,'selectN','int','9'),(3601,525,0,'files','filelist','files/manjkajoci del/vzorec/barvno/ladja_jadrnica/ladja_jadrnica (1).svg|files/manjkajoci del/vzorec/barvno/ladja_jadrnica/ladja_jadrnica (2).svg|files/manjkajoci del/vzorec/barvno/ladja_jadrnica/ladja_jadrnica (3).svg|files/manjkajoci del/vzorec/barvno/ladja_jadrnica/ladja_jadrnica (4).svg|files/manjkajoci del/vzorec/barvno/ladja_jadrnica/ladja_jadrnica (5).svg|files/manjkajoci del/vzorec/barvno/ladja_jadrnica/ladja_jadrnica (6).svg|files/manjkajoci del/vzorec/barvno/ladja_jadrnica/ladja_jadrnica (7).svg|files/manjkajoci del/vzorec/barvno/ladja_jadrnica/ladja_jadrnica (8).svg|files/manjkajoci del/vzorec/barvno/ladja_jadrnica/ladja_jadrnica (9).svg|files/manjkajoci del/vzorec/barvno/ladja_jadrnica/ladja_jadrnica (10).svg'),(3602,525,0,'masks','filelist','files/manjkajoci del/izrez/krog.svg|files/manjkajoci del/izrez/kvadrat.svg|files/manjkajoci del/izrez/osemkotnik.svg'),(3617,527,0,'instructions','string',' Na sliki poi????i skrite predmete. Predmeti, ki jih mora?? najti, so v kvadratkih na desni.'),(3618,527,0,'layer1','filelist','files/skriti predmeti/scena/kuhinja/barvno/kuhinja_zid.svg'),(3619,527,0,'layer2','filelist','files/skriti predmeti/scena/kuhinja/barvno/kuhinja_ozadje.svg'),(3620,527,0,'layer3','filelist',''),(3621,527,0,'layer4','filelist',''),(3622,527,0,'pivot','filelist','files/upload/30/14/pivot (1).svg'),(3623,527,0,'layer6','filelist','files/skriti predmeti/scena/kuhinja/barvno/kuhinja_ospredje.svg'),(3624,527,0,'elements1','filelist','files/slike/hrana/barvno/cesnja (1).svg|files/slike/hrana/barvno/cesnja (2).svg|files/slike/hrana/barvno/cesnja (3).svg|files/slike/hrana/barvno/cesnja (4).svg|files/slike/hrana/barvno/cesnja (5).svg|files/slike/hrana/barvno/cesnja (6).svg|files/slike/hrana/barvno/grozdje (1).svg|files/slike/hrana/barvno/grozdje (2).svg|files/slike/hrana/barvno/grozdje (3).svg|files/slike/hrana/barvno/grozdje (4).svg|files/slike/hrana/barvno/grozdje (5).svg|files/slike/hrana/barvno/grozdje (6).svg|files/slike/hrana/barvno/hruska.svg|files/slike/hrana/barvno/jabolko.svg|files/slike/hrana/barvno/sliva.svg|files/slike/hrana/barvno/marelica.svg|files/slike/prevoz/barvno/balon (1).svg|files/slike/prevoz/barvno/balon (2).svg|files/slike/prevoz/barvno/balon (3).svg|files/slike/prevoz/barvno/balon (4).svg|files/slike/prevoz/barvno/balon (5).svg|files/slike/prevoz/barvno/balon (6).svg|files/slike/zivali/barvno/cebela.svg|files/slike/zivali/barvno/metulj (1).svg|files/slike/zivali/barvno/metulj (2).svg|files/slike/zivali/barvno/metulj (3).svg|files/slike/zivali/barvno/metulj (4).svg|files/slike/zivali/barvno/metulj (5).svg|files/slike/zivali/barvno/metulj (6).svg'),(3625,527,0,'elements2','filelist','files/slike/prevoz/barvno/balon (1).svg|files/slike/prevoz/barvno/balon (2).svg|files/slike/prevoz/barvno/balon (3).svg|files/slike/prevoz/barvno/balon (4).svg|files/slike/prevoz/barvno/balon (5).svg|files/slike/prevoz/barvno/balon (6).svg|files/slike/zivali/barvno/cebela.svg|files/slike/zivali/barvno/metulj (1).svg|files/slike/zivali/barvno/metulj (2).svg|files/slike/zivali/barvno/metulj (3).svg|files/slike/zivali/barvno/metulj (4).svg|files/slike/zivali/barvno/metulj (5).svg|files/slike/zivali/barvno/metulj (6).svg'),(3626,527,0,'elements3','filelist','files/slike/rastline/barvno/bukev.svg|files/slike/rastline/barvno/detelja.svg|files/slike/rastline/barvno/hrast.svg|files/slike/rastline/barvno/iglavec.svg|files/slike/rastline/barvno/javor.svg|files/slike/rastline/barvno/lipa.svg|files/slike/rastline/barvno/listavec.svg|files/slike/rastline/barvno/marjetica (1).svg|files/slike/rastline/barvno/marjetica (2).svg|files/slike/rastline/barvno/marjetica (3).svg|files/slike/rastline/barvno/marjetica (4).svg|files/slike/rastline/barvno/marjetica (5).svg|files/slike/rastline/barvno/marjetica (6).svg|files/slike/rastline/barvno/tulipan.svg|files/slike/rastline/barvno/zvoncek.svg|files/slike/sport/barvno/kosarka.svg|files/slike/sport/barvno/odbojka.svg|files/slike/sport/barvno/tenis01.svg|files/slike/zivali/barvno/cebela.svg|files/slike/zivali/barvno/hrosc.svg|files/slike/zivali/barvno/jez.svg|files/slike/zivali/barvno/pajek.svg|files/slike/zivali/barvno/raca.svg|files/slike/zivali/barvno/raca01.svg'),(3627,527,0,'elements4','filelist','files/slike/rastline/barvno/bukev.svg|files/slike/rastline/barvno/detelja.svg|files/slike/rastline/barvno/hrast.svg|files/slike/rastline/barvno/iglavec.svg|files/slike/rastline/barvno/javor.svg|files/slike/rastline/barvno/lipa.svg|files/slike/rastline/barvno/listavec.svg|files/slike/rastline/barvno/marjetica (1).svg|files/slike/rastline/barvno/marjetica (2).svg|files/slike/rastline/barvno/marjetica (3).svg|files/slike/rastline/barvno/marjetica (4).svg|files/slike/rastline/barvno/marjetica (5).svg|files/slike/rastline/barvno/marjetica (6).svg|files/slike/rastline/barvno/tulipan.svg|files/slike/rastline/barvno/zvoncek.svg|files/slike/sport/barvno/kosarka.svg|files/slike/sport/barvno/odbojka.svg|files/slike/sport/barvno/tenis01.svg|files/slike/zivali/barvno/cebela.svg|files/slike/zivali/barvno/hrosc.svg|files/slike/zivali/barvno/jez.svg|files/slike/zivali/barvno/pajek.svg|files/slike/zivali/barvno/raca.svg|files/slike/zivali/barvno/raca01.svg|files/slike/zivali/barvno/macka.svg|files/slike/zivali/barvno/medved.svg|files/slike/zivali/barvno/lev.svg|files/slike/zivali/barvno/mis.svg|files/slike/zivali/barvno/ovca.svg|files/slike/zivali/barvno/pujs.svg|files/slike/zivali/barvno/sova.svg|files/slike/zivali/barvno/tiger.svg|files/slike/zivali/barvno/zaba (1).svg|files/slike/zivali/barvno/zaba (2).svg|files/slike/zivali/barvno/zaba (3).svg|files/slike/zivali/barvno/zaba (4).svg|files/slike/zivali/barvno/zaba (5).svg|files/slike/zivali/barvno/zaba (6).svg|files/slike/zivali/barvno/zajec.svg'),(3628,527,0,'elements5','filelist','files/slike/zivali/barvno/riba (1).svg|files/slike/zivali/barvno/riba (2).svg|files/slike/zivali/barvno/riba (3).svg|files/slike/zivali/barvno/riba (4).svg|files/slike/zivali/barvno/riba (5).svg|files/slike/zivali/barvno/riba (6).svg|files/slike/prevoz/barvno/jadrnica (1).svg|files/slike/prevoz/barvno/jadrnica (2).svg|files/slike/prevoz/barvno/jadrnica (3).svg|files/slike/prevoz/barvno/jadrnica (4).svg|files/slike/prevoz/barvno/jadrnica (5).svg|files/slike/prevoz/barvno/jadrnica (6).svg|files/slike/prevoz/barvno/ladja.svg|files/slike/prevoz/barvno/podmornica.svg'),(3629,527,0,'elements6','filelist','files/slike/hrana/barvno/banana.svg|files/slike/hrana/barvno/bonbon.svg|files/slike/hrana/barvno/brokoli.svg|files/slike/hrana/barvno/cebula.svg|files/slike/hrana/barvno/cesen.svg|files/slike/hrana/barvno/cesnja (1).svg|files/slike/hrana/barvno/cesnja (2).svg|files/slike/hrana/barvno/cesnja (3).svg|files/slike/hrana/barvno/cesnja (4).svg|files/slike/hrana/barvno/cesnja (5).svg|files/slike/hrana/barvno/cesnja (6).svg|files/slike/hrana/barvno/cili.svg|files/slike/hrana/barvno/fizol.svg|files/slike/hrana/barvno/fizolcki.svg|files/slike/hrana/barvno/goba.svg|files/slike/hrana/barvno/grozdje (1).svg|files/slike/hrana/barvno/grozdje (2).svg|files/slike/hrana/barvno/grozdje (3).svg|files/slike/hrana/barvno/grozdje (4).svg|files/slike/hrana/barvno/grozdje (5).svg|files/slike/hrana/barvno/grozdje (6).svg|files/slike/hrana/barvno/hlebec.svg|files/slike/hrana/barvno/hruska.svg|files/slike/hrana/barvno/jabolko.svg|files/slike/hrana/barvno/jagoda.svg|files/slike/hrana/barvno/jajce.svg|files/slike/hrana/barvno/jajcevec.svg|files/slike/hrana/barvno/kivi.svg|files/slike/hrana/barvno/korenje (1).svg|files/slike/hrana/barvno/korenje (2).svg|files/slike/hrana/barvno/korenje (3).svg|files/slike/hrana/barvno/korenje (4).svg|files/slike/hrana/barvno/korenje (5).svg|files/slike/hrana/barvno/korenje (6).svg|files/slike/hrana/barvno/limona.svg|files/slike/hrana/barvno/lubenica.svg|files/slike/hrana/barvno/marelica.svg|files/slike/hrana/barvno/meso.svg|files/slike/hrana/barvno/paprika.svg|files/slike/hrana/barvno/paradiznik.svg|files/slike/hrana/barvno/pomaranca.svg|files/slike/hrana/barvno/repa.svg|files/slike/hrana/barvno/sladoled.svg|files/slike/hrana/barvno/sladoled01.svg|files/slike/hrana/barvno/sliva.svg|files/slike/hrana/barvno/toast.svg|files/slike/kuhinja/barvno/cajnik.svg|files/slike/kuhinja/barvno/cajnik01.svg|files/slike/kuhinja/barvno/cajnik02.svg|files/slike/kuhinja/barvno/cedilo.svg|files/slike/kuhinja/barvno/deska.svg|files/slike/kuhinja/barvno/deska01.svg|files/slike/kuhinja/barvno/detergent.svg|files/slike/kuhinja/barvno/kozarec (1).svg|files/slike/kuhinja/barvno/kozarec (2).svg|files/slike/kuhinja/barvno/kozarec (3).svg|files/slike/kuhinja/barvno/kozarec (4).svg|files/slike/kuhinja/barvno/kozarec (5).svg|files/slike/kuhinja/barvno/kozarec (6).svg|files/slike/kuhinja/barvno/kozarec01.svg|files/slike/kuhinja/barvno/kozarec02.svg|files/slike/kuhinja/barvno/kozarec03.svg|files/slike/kuhinja/barvno/kroznik.svg|files/slike/kuhinja/barvno/krozniki.svg|files/slike/kuhinja/barvno/kuhalnica.svg|files/slike/kuhinja/barvno/metlica (1).svg|files/slike/kuhinja/barvno/metlica (2).svg|files/slike/kuhinja/barvno/metlica (3).svg|files/slike/kuhinja/barvno/metlica (6).svg|files/slike/kuhinja/barvno/pladen.svg|files/slike/kuhinja/barvno/ponev.svg|files/slike/kuhinja/barvno/ponev01.svg|files/slike/kuhinja/barvno/poper.svg|files/slike/kuhinja/barvno/posoda.svg|files/slike/kuhinja/barvno/posoda01.svg|files/slike/kuhinja/barvno/posoda02.svg|files/slike/kuhinja/barvno/posoda03.svg|files/slike/kuhinja/barvno/posoda04.svg|files/slike/kuhinja/barvno/posoda05.svg|files/slike/kuhinja/barvno/skleda.svg|files/slike/kuhinja/barvno/skleda01.svg|files/slike/kuhinja/barvno/skleda02.svg|files/slike/kuhinja/barvno/skodelica.svg|files/slike/kuhinja/barvno/skodelica01.svg|files/slike/kuhinja/barvno/skodelica02.svg|files/slike/kuhinja/barvno/sol.svg|files/slike/kuhinja/barvno/steklenica.svg|files/slike/kuhinja/barvno/steklenica01.svg|files/slike/kuhinja/barvno/steklenica02.svg|files/slike/kuhinja/barvno/vaza.svg|files/slike/kuhinja/barvno/vaza01.svg|files/slike/kuhinja/barvno/vaza02.svg|files/slike/kuhinja/barvno/vaza03.svg|files/slike/kuhinja/barvno/vrc.svg|files/slike/kuhinja/barvno/vrc01.svg'),(3630,527,0,'elements7','filelist','files/slike/kuhinja/barvno/kuhalnica.svg|files/slike/kuhinja/barvno/metlica (1).svg|files/slike/kuhinja/barvno/metlica (2).svg|files/slike/kuhinja/barvno/metlica (3).svg|files/slike/kuhinja/barvno/metlica (6).svg|files/slike/kuhinja/barvno/noz.svg|files/slike/kuhinja/barvno/noz01.svg|files/slike/kuhinja/barvno/noz02.svg|files/slike/kuhinja/barvno/obracalka.svg|files/slike/kuhinja/barvno/obracalka.svg|files/slike/kuhinja/barvno/vilice.svg|files/slike/kuhinja/barvno/zajemalka.svg|files/slike/kuhinja/barvno/zlica (2).svg|files/slike/kuhinja/barvno/zlica.svg|files/slike/kuhinja/barvno/zlica01.svg'),(3649,530,0,'instructions','string','Pojavile se bodo slike, ki si jih zapomni. Med mno??ico slik izberi tiste, ki si jih prej videl.'),(3650,530,0,'selectN','int','2'),(3651,530,0,'groupN','int','4'),(3652,530,0,'starLossOnFail','int','1'),(3653,530,0,'progressToContinue','int','3'),(3654,530,0,'files','filelist','files/slike/zivali/linijsko/cebela.svg|files/slike/zivali/linijsko/hrosc.svg|files/slike/zivali/linijsko/jez.svg|files/slike/zivali/linijsko/lev.svg|files/slike/zivali/linijsko/macek.svg|files/slike/zivali/linijsko/medved.svg|files/slike/zivali/linijsko/metulj (1).svg|files/slike/zivali/linijsko/metulj (2).svg|files/slike/zivali/linijsko/metulj (3).svg|files/slike/zivali/linijsko/metulj (4).svg|files/slike/zivali/linijsko/metulj (5).svg|files/slike/zivali/linijsko/mis.svg|files/slike/zivali/linijsko/ovca.svg|files/slike/zivali/linijsko/pajek.svg|files/slike/zivali/linijsko/pujs.svg|files/slike/zivali/linijsko/raca.svg|files/slike/zivali/linijsko/raca01.svg|files/slike/zivali/linijsko/riba (1).svg|files/slike/zivali/linijsko/riba (2).svg|files/slike/zivali/linijsko/riba (3).svg|files/slike/zivali/linijsko/riba (4).svg|files/slike/zivali/linijsko/riba (5).svg|files/slike/zivali/linijsko/sova.svg|files/slike/zivali/linijsko/tiger.svg|files/slike/zivali/linijsko/zaba (1).svg|files/slike/zivali/linijsko/zaba (2).svg|files/slike/zivali/linijsko/zaba (3).svg|files/slike/zivali/linijsko/zaba (4).svg|files/slike/zivali/linijsko/zaba (5).svg|files/slike/zivali/linijsko/zajec.svg'),(3680,534,0,'instructions','string','Pojavile se bodo slike, ki si jih zapomni. Med novimi slikami izberi prej videne v pravem zaporedju.'),(3681,534,0,'selectN','int','2'),(3682,534,0,'groupN','int','4'),(3683,534,0,'starLossOnFail','int','1'),(3684,534,0,'progressToContinue','int','3'),(3685,534,0,'files','filelist','files/slike/geometrija/sivinsko/krog (1).svg|files/slike/geometrija/sivinsko/krog (2).svg|files/slike/geometrija/sivinsko/krog (3).svg|files/slike/geometrija/sivinsko/krog (4).svg|files/slike/geometrija/sivinsko/krog (5).svg|files/slike/geometrija/sivinsko/krog (6).svg|files/slike/geometrija/sivinsko/krog (7).svg|files/slike/geometrija/sivinsko/krog (8).svg|files/slike/geometrija/sivinsko/krog.svg|files/slike/geometrija/sivinsko/kvadrat (1).svg|files/slike/geometrija/sivinsko/kvadrat (2).svg|files/slike/geometrija/sivinsko/kvadrat (3).svg|files/slike/geometrija/sivinsko/kvadrat (4).svg|files/slike/geometrija/sivinsko/kvadrat (5).svg|files/slike/geometrija/sivinsko/kvadrat (6).svg|files/slike/geometrija/sivinsko/kvadrat (7).svg|files/slike/geometrija/sivinsko/kvadrat.svg|files/slike/geometrija/sivinsko/petkotnik (1).svg|files/slike/geometrija/sivinsko/petkotnik (2).svg|files/slike/geometrija/sivinsko/petkotnik (3).svg|files/slike/geometrija/sivinsko/petkotnik (4).svg|files/slike/geometrija/sivinsko/petkotnik (5).svg|files/slike/geometrija/sivinsko/petkotnik (6).svg|files/slike/geometrija/sivinsko/petkotnik (7).svg|files/slike/geometrija/sivinsko/petkotnik.svg|files/slike/geometrija/sivinsko/sestkotnik (1).svg|files/slike/geometrija/sivinsko/sestkotnik (2).svg|files/slike/geometrija/sivinsko/sestkotnik (3).svg|files/slike/geometrija/sivinsko/sestkotnik (4).svg|files/slike/geometrija/sivinsko/sestkotnik (5).svg|files/slike/geometrija/sivinsko/sestkotnik (6).svg|files/slike/geometrija/sivinsko/sestkotnik (7).svg|files/slike/geometrija/sivinsko/sestkotnik.svg|files/slike/geometrija/sivinsko/trikotnik (1).svg|files/slike/geometrija/sivinsko/trikotnik (2).svg|files/slike/geometrija/sivinsko/trikotnik (3).svg|files/slike/geometrija/sivinsko/trikotnik (4).svg|files/slike/geometrija/sivinsko/trikotnik (5).svg|files/slike/geometrija/sivinsko/trikotnik (6).svg|files/slike/geometrija/sivinsko/trikotnik (7).svg|files/slike/geometrija/sivinsko/trikotnik.svg'),(3686,535,0,'instructions','string','Sestavi sestavljanko.'),(3687,535,0,'files','filelist','files/sestavi me/motiv/barvno/kuhar.svg|files/sestavi me/motiv/barvno/jez.svg|files/sestavi me/motiv/barvno/morje.svg|files/sestavi me/motiv/barvno/pingvin.svg|files/sestavi me/motiv/barvno/potapljac.svg|files/sestavi me/motiv/barvno/polje.svg|files/sestavi me/motiv/barvno/luna.svg|files/sestavi me/motiv/barvno/sova.svg|files/sestavi me/motiv/barvno/raca.svg|files/sestavi me/motiv/barvno/riba.svg|files/sestavi me/motiv/barvno/ucenec.svg|files/sestavi me/motiv/barvno/tenis.svg'),(3688,535,0,'puzzles0','filelist','files/sestavi me/razrez/puzli_9/puzli_9 (1).svg|files/sestavi me/razrez/puzli_9/puzli_9 (2).svg|files/sestavi me/razrez/puzli_9/puzli_9 (3).svg|files/sestavi me/razrez/puzli_9/puzli_9 (4).svg|files/sestavi me/razrez/puzli_9/puzli_9 (5).svg|files/sestavi me/razrez/puzli_9/puzli_9 (6).svg|files/sestavi me/razrez/puzli_9/puzli_9 (7).svg|files/sestavi me/razrez/puzli_9/puzli_9 (8).svg|files/sestavi me/razrez/puzli_9/puzli_9 (9).svg'),(3689,535,0,'puzzles1','filelist','files/sestavi me/razrez/puzli01_9/puzli01_9 (1).svg|files/sestavi me/razrez/puzli01_9/puzli01_9 (2).svg|files/sestavi me/razrez/puzli01_9/puzli01_9 (3).svg|files/sestavi me/razrez/puzli01_9/puzli01_9 (4).svg|files/sestavi me/razrez/puzli01_9/puzli01_9 (5).svg|files/sestavi me/razrez/puzli01_9/puzli01_9 (6).svg|files/sestavi me/razrez/puzli01_9/puzli01_9 (7).svg|files/sestavi me/razrez/puzli01_9/puzli01_9 (8).svg|files/sestavi me/razrez/puzli01_9/puzli01_9 (9).svg'),(3690,535,0,'puzzles2','filelist','files/sestavi me/razrez/kvadrat_9/kvadrat_9 (1).svg|files/sestavi me/razrez/kvadrat_9/kvadrat_9 (2).svg|files/sestavi me/razrez/kvadrat_9/kvadrat_9 (3).svg|files/sestavi me/razrez/kvadrat_9/kvadrat_9 (4).svg|files/sestavi me/razrez/kvadrat_9/kvadrat_9 (5).svg|files/sestavi me/razrez/kvadrat_9/kvadrat_9 (6).svg|files/sestavi me/razrez/kvadrat_9/kvadrat_9 (7).svg|files/sestavi me/razrez/kvadrat_9/kvadrat_9 (8).svg|files/sestavi me/razrez/kvadrat_9/kvadrat_9 (9).svg'),(3691,535,0,'puzzles3','filelist',''),(3692,535,0,'puzzles4','filelist',''),(3699,537,0,'instructions','string','Pojavile se bodo slike, ki si jih dobro oglej. Med novimi slikami izberi samo nove.'),(3700,537,0,'selectN','int','2'),(3701,537,0,'groupN','int','4'),(3702,537,0,'starLossOnFail','int','1'),(3703,537,0,'progressToContinue','int','3'),(3704,537,0,'files','filelist','files/slike/garderoba/temno_ozadje/bluza (1).svg|files/slike/garderoba/temno_ozadje/bluza (2).svg|files/slike/garderoba/temno_ozadje/bluza (3).svg|files/slike/garderoba/temno_ozadje/bluza (4).svg|files/slike/garderoba/temno_ozadje/bluza (5).svg|files/slike/garderoba/temno_ozadje/bluza (6).svg|files/slike/garderoba/temno_ozadje/deznik (1).svg|files/slike/garderoba/temno_ozadje/deznik (2).svg|files/slike/garderoba/temno_ozadje/deznik (3).svg|files/slike/garderoba/temno_ozadje/deznik (4).svg|files/slike/garderoba/temno_ozadje/deznik (5).svg|files/slike/garderoba/temno_ozadje/deznik.svg|files/slike/garderoba/temno_ozadje/gleznar.svg|files/slike/garderoba/temno_ozadje/gumb (1).svg|files/slike/garderoba/temno_ozadje/gumb (2).svg|files/slike/garderoba/temno_ozadje/gumb (3).svg|files/slike/garderoba/temno_ozadje/gumb (4).svg|files/slike/garderoba/temno_ozadje/gumb (5).svg|files/slike/garderoba/temno_ozadje/gumb.svg|files/slike/garderoba/temno_ozadje/hlace.svg|files/slike/garderoba/temno_ozadje/hlace_kratke.svg|files/slike/garderoba/temno_ozadje/kapa (1).svg|files/slike/garderoba/temno_ozadje/kapa (2).svg|files/slike/garderoba/temno_ozadje/kapa (3).svg|files/slike/garderoba/temno_ozadje/kapa (4).svg|files/slike/garderoba/temno_ozadje/kapa (5).svg|files/slike/garderoba/temno_ozadje/kapa.svg|files/slike/garderoba/temno_ozadje/kopalke.svg|files/slike/garderoba/temno_ozadje/kopica.svg|files/slike/garderoba/temno_ozadje/krilo.svg|files/slike/garderoba/temno_ozadje/majica.svg|files/slike/garderoba/temno_ozadje/majica_rokav.svg|files/slike/garderoba/temno_ozadje/natikac.svg|files/slike/garderoba/temno_ozadje/nogavica.svg|files/slike/garderoba/temno_ozadje/nogavica01.svg|files/slike/garderoba/temno_ozadje/obesalnik.svg|files/slike/garderoba/temno_ozadje/obleka (1).svg|files/slike/garderoba/temno_ozadje/obleka (2).svg|files/slike/garderoba/temno_ozadje/obleka (3).svg|files/slike/garderoba/temno_ozadje/obleka (4).svg|files/slike/garderoba/temno_ozadje/obleka (5).svg|files/slike/garderoba/temno_ozadje/obleka.svg|files/slike/garderoba/temno_ozadje/pas.svg|files/slike/garderoba/temno_ozadje/rokavica.svg|files/slike/garderoba/temno_ozadje/sal.svg|files/slike/garderoba/temno_ozadje/salonar.svg|files/slike/garderoba/temno_ozadje/spodja_majica.svg|files/slike/garderoba/temno_ozadje/spodnjice.svg'),(3716,540,0,'instructions','string','Sestavi sestavljanko.'),(3717,540,0,'files','filelist','files/sestavi me/motiv/linijsko/jez.svg|files/sestavi me/motiv/linijsko/kuhar.svg|files/sestavi me/motiv/linijsko/luna.svg|files/sestavi me/motiv/linijsko/morje.svg|files/sestavi me/motiv/linijsko/potapljac.svg|files/sestavi me/motiv/linijsko/raca.svg|files/sestavi me/motiv/linijsko/riba.svg|files/sestavi me/motiv/linijsko/sova.svg|files/sestavi me/motiv/linijsko/tenis.svg|files/sestavi me/motiv/linijsko/ucenec.svg'),(3718,540,0,'puzzles0','filelist','files/sestavi me/razrez/puzli_9/puzli_9 (1).svg|files/sestavi me/razrez/puzli_9/puzli_9 (2).svg|files/sestavi me/razrez/puzli_9/puzli_9 (3).svg|files/sestavi me/razrez/puzli_9/puzli_9 (4).svg|files/sestavi me/razrez/puzli_9/puzli_9 (5).svg|files/sestavi me/razrez/puzli_9/puzli_9 (6).svg|files/sestavi me/razrez/puzli_9/puzli_9 (7).svg|files/sestavi me/razrez/puzli_9/puzli_9 (8).svg|files/sestavi me/razrez/puzli_9/puzli_9 (9).svg'),(3719,540,0,'puzzles1','filelist','files/sestavi me/razrez/puzli01_9/puzli01_9 (1).svg|files/sestavi me/razrez/puzli01_9/puzli01_9 (2).svg|files/sestavi me/razrez/puzli01_9/puzli01_9 (3).svg|files/sestavi me/razrez/puzli01_9/puzli01_9 (4).svg|files/sestavi me/razrez/puzli01_9/puzli01_9 (5).svg|files/sestavi me/razrez/puzli01_9/puzli01_9 (6).svg|files/sestavi me/razrez/puzli01_9/puzli01_9 (7).svg|files/sestavi me/razrez/puzli01_9/puzli01_9 (8).svg|files/sestavi me/razrez/puzli01_9/puzli01_9 (9).svg'),(3720,540,0,'puzzles2','filelist','files/sestavi me/razrez/kvadrat_9/kvadrat_9 (1).svg|files/sestavi me/razrez/kvadrat_9/kvadrat_9 (2).svg|files/sestavi me/razrez/kvadrat_9/kvadrat_9 (3).svg|files/sestavi me/razrez/kvadrat_9/kvadrat_9 (4).svg|files/sestavi me/razrez/kvadrat_9/kvadrat_9 (5).svg|files/sestavi me/razrez/kvadrat_9/kvadrat_9 (6).svg|files/sestavi me/razrez/kvadrat_9/kvadrat_9 (7).svg|files/sestavi me/razrez/kvadrat_9/kvadrat_9 (8).svg|files/sestavi me/razrez/kvadrat_9/kvadrat_9 (9).svg'),(3721,540,0,'puzzles3','filelist',''),(3722,540,0,'puzzles4','filelist',''),(3723,541,0,'instructions','string','Pojavile se bodo slike, ki si jih zapomni. Med novimi slikami izberi prej videne v pravem zaporedju.'),(3724,541,0,'selectN','int','2'),(3725,541,0,'groupN','int','4'),(3726,541,0,'starLossOnFail','int','1'),(3727,541,0,'progressToContinue','int','3'),(3728,541,0,'files','filelist','files/slike/prazniki/sivinsko/balon.svg|files/slike/prazniki/sivinsko/baloncek.svg|files/slike/prazniki/sivinsko/baloni.svg|files/slike/prazniki/sivinsko/bodicevje.svg|files/slike/prazniki/sivinsko/buca.svg|files/slike/prazniki/sivinsko/darilo.svg|files/slike/prazniki/sivinsko/jelka.svg|files/slike/prazniki/sivinsko/kapa_bozic.svg|files/slike/prazniki/sivinsko/klobuk.svg|files/slike/prazniki/sivinsko/mafin.svg|files/slike/prazniki/sivinsko/netopir.svg|files/slike/prazniki/sivinsko/maska.svg|files/slike/prazniki/sivinsko/torta.svg|files/slike/prazniki/sivinsko/sveca.svg|files/slike/prazniki/sivinsko/srce.svg|files/slike/prazniki/sivinsko/snezinka.svg|files/slike/prazniki/sivinsko/snezak.svg|files/slike/prazniki/sivinsko/sladkorna_palica.svg|files/slike/prazniki/sivinsko/repatica.svg|files/slike/prazniki/sivinsko/pirh.svg|files/slike/prazniki/sivinsko/pajcevina.svg'),(3729,542,0,'instructions','string','Pojavile se bodo slike, ki si jih dobro oglej. Med novimi slikami izberi samo nove.'),(3730,542,0,'selectN','int','2'),(3731,542,0,'groupN','int','4'),(3732,542,0,'starLossOnFail','int','1'),(3733,542,0,'progressToContinue','int','3'),(3734,542,0,'files','filelist','files/slike/zivali/sivinsko/cebela.svg|files/slike/zivali/sivinsko/hrosc.svg|files/slike/zivali/sivinsko/jez.svg|files/slike/zivali/sivinsko/lev.svg|files/slike/zivali/sivinsko/macek.svg|files/slike/zivali/sivinsko/medved.svg|files/slike/zivali/sivinsko/metulj (1).svg|files/slike/zivali/sivinsko/metulj (2).svg|files/slike/zivali/sivinsko/metulj (3).svg|files/slike/zivali/sivinsko/metulj (4).svg|files/slike/zivali/sivinsko/metulj (5).svg|files/slike/zivali/sivinsko/metulj.svg|files/slike/zivali/sivinsko/zajec.svg|files/slike/zivali/sivinsko/zaba.svg|files/slike/zivali/sivinsko/zaba (5).svg|files/slike/zivali/sivinsko/zaba (4).svg|files/slike/zivali/sivinsko/zaba (3).svg|files/slike/zivali/sivinsko/zaba (2).svg|files/slike/zivali/sivinsko/zaba (1).svg|files/slike/zivali/sivinsko/tiger.svg|files/slike/zivali/sivinsko/sova.svg|files/slike/zivali/sivinsko/riba.svg|files/slike/zivali/sivinsko/riba (5).svg|files/slike/zivali/sivinsko/riba (4).svg|files/slike/zivali/sivinsko/riba (3).svg|files/slike/zivali/sivinsko/riba (2).svg|files/slike/zivali/sivinsko/riba (1).svg|files/slike/zivali/sivinsko/raca01.svg|files/slike/zivali/sivinsko/raca.svg|files/slike/zivali/sivinsko/pujs.svg|files/slike/zivali/sivinsko/pajek.svg|files/slike/zivali/sivinsko/ovca.svg|files/slike/zivali/sivinsko/mis.svg'),(3735,543,0,'instructions','string','Pojavile se bodo slike, ki si jih zapomni. Med novimi slikami poi????i manjkajo??e.'),(3736,543,0,'selectN','int','2'),(3737,543,0,'reduceN','int','1'),(3738,543,0,'groupN','int','4'),(3739,543,0,'starLossOnFail','int','1'),(3740,543,0,'progressToContinue','int','3'),(3741,543,0,'files','filelist','files/slike/rastline/linijsko/bukev.svg|files/slike/rastline/linijsko/cvetlicni_lonec (1).svg|files/slike/rastline/linijsko/cvetlicni_lonec (2).svg|files/slike/rastline/linijsko/cvetlicni_lonec (3).svg|files/slike/rastline/linijsko/cvetlicni_lonec (4).svg|files/slike/rastline/linijsko/cvetlicni_lonec (5).svg|files/slike/rastline/linijsko/cvetlicni_lonec (6).svg|files/slike/rastline/linijsko/detelja.svg|files/slike/rastline/linijsko/hrast.svg|files/slike/rastline/linijsko/iglavec.svg|files/slike/rastline/linijsko/javor.svg|files/slike/rastline/linijsko/lipa.svg|files/slike/rastline/linijsko/zvoncek.svg|files/slike/rastline/linijsko/tulipan.svg|files/slike/rastline/linijsko/marjetica (5).svg|files/slike/rastline/linijsko/marjetica (4).svg|files/slike/rastline/linijsko/marjetica (3).svg|files/slike/rastline/linijsko/marjetica (2).svg|files/slike/rastline/linijsko/marjetica (1).svg|files/slike/rastline/linijsko/listavec.svg'),(3742,544,0,'instructions','string','Pojavile se bodo slike, ki si jih zapomni. Med mno??ico slik izberi tiste, ki si jih prej videl. '),(3743,544,0,'selectN','int','2'),(3744,544,0,'groupN','int','4'),(3745,544,0,'starLossOnFail','int','1'),(3746,544,0,'progressToContinue','int','3'),(3747,544,0,'files','filelist','files/slike/prevoz/linijsko/avto.svg|files/slike/prevoz/linijsko/avtobus.svg|files/slike/prevoz/linijsko/balon (1).svg|files/slike/prevoz/linijsko/balon (2).svg|files/slike/prevoz/linijsko/balon (3).svg|files/slike/prevoz/linijsko/balon (4).svg|files/slike/prevoz/linijsko/jadrnica (1).svg|files/slike/prevoz/linijsko/jadrnica (2).svg|files/slike/prevoz/linijsko/jadrnica (3).svg|files/slike/prevoz/linijsko/jadrnica (4).svg|files/slike/prevoz/linijsko/jadrnica (5).svg|files/slike/prevoz/linijsko/ladja.svg|files/slike/prevoz/linijsko/vlak.svg|files/slike/prevoz/linijsko/tovornjak.svg|files/slike/prevoz/linijsko/stopinje.svg|files/slike/prevoz/linijsko/podmornica.svg'),(3912,569,0,'crke','stringlist','a|b|c|??|d|e|f|g|h|i|j|k|l|m|n|o|p|r|s|??|t|u|v|z|??'),(3913,569,0,'vrstaZacetneAbecede','int','1'),(4394,614,0,'text','string','ffff jjjj ffjj jjff fjfj jfjf fjjf jffj fffj jjjf ffff jjjj'),(4395,614,0,'displayType','int','1'),(4396,614,0,'lineLength','int','20'),(4397,614,0,'lineLengthWhole','int','53'),(4398,614,0,'markColor','string','000000'),(4399,614,0,'fontColor','string','223344'),(4400,614,0,'fontSize','int','50'),(4401,614,0,'cFontColor','string','000000'),(4402,614,0,'mFontColor','string','000000'),(4403,614,0,'cBackColor','string','FFF277'),(4404,614,0,'mBackColor','string','FF7C78'),(4405,614,0,'backgroundColor','string','ffffff'),(4406,614,0,'nacin','int','0'),(4407,615,0,'text','string','dddd kkkk ddkk kkdd dkdk kdkd dkkd kddk dddk kkkd'),(4408,615,0,'displayType','int','1'),(4409,615,0,'lineLength','int','20'),(4410,615,0,'lineLengthWhole','int','53'),(4411,615,0,'markColor','string','000000'),(4412,615,0,'fontColor','string','223344'),(4413,615,0,'fontSize','int','50'),(4414,615,0,'cFontColor','string','000000'),(4415,615,0,'mFontColor','string','000000'),(4416,615,0,'cBackColor','string','FFF277'),(4417,615,0,'mBackColor','string','FF7C78'),(4418,615,0,'backgroundColor','string','ffffff'),(4419,615,0,'nacin','int','0'),(4420,616,0,'text','string','a??a?? aa???? a????a ??aa?? aaaa ???????? faj?? af??j'),(4421,616,0,'displayType','int','1'),(4422,616,0,'lineLength','int','20'),(4423,616,0,'lineLengthWhole','int','53'),(4424,616,0,'markColor','string','000000'),(4425,616,0,'fontColor','string','223344'),(4426,616,0,'fontSize','int','50'),(4427,616,0,'cFontColor','string','000000'),(4428,616,0,'mFontColor','string','000000'),(4429,616,0,'cBackColor','string','FFF277'),(4430,616,0,'mBackColor','string','FF7C78'),(4431,616,0,'backgroundColor','string','ffffff'),(4432,616,0,'nacin','int','0'),(4433,617,0,'text','string','ssss llll ssll llss slls lssl fsjl asdf jkl?? fdsa ??lkj'),(4434,617,0,'displayType','int','1'),(4435,617,0,'lineLength','int','20'),(4436,617,0,'lineLengthWhole','int','53'),(4437,617,0,'markColor','string','000000'),(4438,617,0,'fontColor','string','223344'),(4439,617,0,'fontSize','int','50'),(4440,617,0,'cFontColor','string','000000'),(4441,617,0,'mFontColor','string','000000'),(4442,617,0,'cBackColor','string','FFF277'),(4443,617,0,'mBackColor','string','FF7C78'),(4444,617,0,'backgroundColor','string','ffffff'),(4445,617,0,'nacin','int','0'),(4446,618,0,'text','string','as aja ??aj ??as daj dal kad kaj kal lak las saj ajda ??aja ??aka ??asa dala dasa jafa jaka jasa ka??a kaja slad ??akal dlaka klada ladja lasal skala sklad ??akala fasada lasala skakal sladak skakala sladkal safalada sladkala'),(4447,618,0,'displayType','int','1'),(4448,618,0,'lineLength','int','30'),(4449,618,0,'lineLengthWhole','int','53'),(4450,618,0,'markColor','string','000000'),(4451,618,0,'fontColor','string','223344'),(4452,618,0,'fontSize','int','50'),(4453,618,0,'cFontColor','string','000000'),(4454,618,0,'mFontColor','string','000000'),(4455,618,0,'cBackColor','string','FFF277'),(4456,618,0,'mBackColor','string','FF7C78'),(4457,618,0,'backgroundColor','string','ffffff'),(4458,618,0,'nacin','int','0'),(4459,619,0,'text','string','ffjj fgfg ffgg ggff fggf gffg jjhh jhhh hjjj jhjh hjhj jhfg fghj jfhg dgdg khkh'),(4460,619,0,'displayType','int','1'),(4461,619,0,'lineLength','int','20'),(4462,619,0,'lineLengthWhole','int','53'),(4463,619,0,'markColor','string','000000'),(4464,619,0,'fontColor','string','223344'),(4465,619,0,'fontSize','int','50'),(4466,619,0,'cFontColor','string','000000'),(4467,619,0,'mFontColor','string','000000'),(4468,619,0,'cBackColor','string','FFF277'),(4469,619,0,'mBackColor','string','FF7C78'),(4470,619,0,'backgroundColor','string','ffffff'),(4471,619,0,'nacin','int','0'),(4472,620,0,'text','string','aha dah gad gaj gas had haj hja lah alga gada gaja gasa glad glas haha hlad jaga jaha halja jaha?? jahal kahla lagal lahak lahka lahka gladka hahaha hla??ah jahala lagala skalah'),(4473,620,0,'displayType','int','1'),(4474,620,0,'lineLength','int','30'),(4475,620,0,'lineLengthWhole','int','53'),(4476,620,0,'markColor','string','000000'),(4477,620,0,'fontColor','string','223344'),(4478,620,0,'fontSize','int','50'),(4479,620,0,'cFontColor','string','000000'),(4480,620,0,'mFontColor','string','000000'),(4481,620,0,'cBackColor','string','FFF277'),(4482,620,0,'mBackColor','string','FF7C78'),(4483,620,0,'backgroundColor','string','ffffff'),(4484,620,0,'nacin','int','0'),(4485,621,0,'text','string','dede deed edde kiki kkii kiik ikki kkik ikkk kdei eiei iiee'),(4486,621,0,'displayType','int','1'),(4487,621,0,'lineLength','int','20'),(4488,621,0,'lineLengthWhole','int','53'),(4489,621,0,'markColor','string','000000'),(4490,621,0,'fontColor','string','223344'),(4491,621,0,'fontSize','int','50'),(4492,621,0,'cFontColor','string','000000'),(4493,621,0,'mFontColor','string','000000'),(4494,621,0,'cBackColor','string','FFF277'),(4495,621,0,'mBackColor','string','FF7C78'),(4496,621,0,'backgroundColor','string','ffffff'),(4497,621,0,'nacin','int','0'),(4498,622,0,'text','string','ali ded del dih gre h??i hej ida jed jej jel jih ker kje led lej les lik lil re?? red res sel sij sil sle ??ase ??asi ??ehi ??ela ??esa ??rke daje dali dasi deda dela dele deli desk diha dlje glej grde greh h??er idej je??e je??i jedi jeli jera ka??e kadi kake kaki kjer klel lahi lase lesa lila lisa lise rade raje rase rde?? re??e reda reka reke se??i sede sedi sije sila sile sili sled slej slik ??asih ??esar dale?? dalje de??ek de??ka dejal dekla dekle delal delih dihal drage gleda glede grede greha grehe h??ere hla??e ideje iskal jedel jedla jelka kraje ladje laseh lasje legel legla rde??a rde??e redke rekel rekla sadje sedaj sedel sedla segal segel segla skale sre??a sre??e ??akali dajali dejala delala delali gledal iskala iskali jaj??ek kakega sedela sedeli silila sledil slekel sre??al ??edalje gledala gledale gledali sledila sledili'),(4499,622,0,'displayType','int','1'),(4500,622,0,'lineLength','int','40'),(4501,622,0,'lineLengthWhole','int','53'),(4502,622,0,'markColor','string','000000'),(4503,622,0,'fontColor','string','223344'),(4504,622,0,'fontSize','int','50'),(4505,622,0,'cFontColor','string','000000'),(4506,622,0,'mFontColor','string','000000'),(4507,622,0,'cBackColor','string','FFF277'),(4508,622,0,'mBackColor','string','FF7C78'),(4509,622,0,'backgroundColor','string','ffffff'),(4510,622,0,'nacin','int','0'),(4511,623,0,'text','string','ffjj frfr ffrr rffr frrf fffr rrrf juju jjuu uuuj jjju fujr jfur'),(4512,623,0,'displayType','int','1'),(4513,623,0,'lineLength','int','20'),(4514,623,0,'lineLengthWhole','int','53'),(4515,623,0,'markColor','string','000000'),(4516,623,0,'fontColor','string','223344'),(4517,623,0,'fontSize','int','50'),(4518,623,0,'cFontColor','string','000000'),(4519,623,0,'mFontColor','string','000000'),(4520,623,0,'cBackColor','string','FFF277'),(4521,623,0,'mBackColor','string','FF7C78'),(4522,623,0,'backgroundColor','string','ffffff'),(4523,623,0,'nacin','int','0'),(4524,624,0,'text','string','??ar ??rk ??ul dar dir duh grd gre hud jud jug kar ker kr?? kri lu?? rad raj rak re?? red rek res ris rus sir srd srh suh u??i ude udi ura ure urh uri audi ??aju ??asu ??elu ??eri ??rka ??rke ??uda ??udi ??uje ??ula ??uli daru dedu delu dere diru drag drla drli drsi drug duha duhu duri erik fare fari gluh grad grda grde grdi gred greh grel gri?? grki grla grlu h??er huda hude hudi huje iger igra igre igri jera jeri juda jude judi juga jugu juha juhe juhi juri karl kjer kraj kras kr??i kres krik kril krki kruh kuga kuha kuje kure lasu ledu lesu lira lu??i luka luke luki rada rade radi raja raje raju rase raus rde?? re??e re??i reda redi redu reka reke reki rudi rusi sadu sira sluh srda su??e suha suhe suhi u??il udih udje uide ujel urad urah ??esar ??igar ??udil de??ku dihur draga drage dragi druga druge drugi glasu gluha grada gradu grede greha grehe grehi gri??u gru??a gru??e h??ere h??eri hudi?? hudih igral jadra jarek jarku je??ar judje julka jurij kadar karel karla klju?? kraja kraje kraji kraju kralj kri??i kriki krila krili kruha kuhar ljudi radiu rahla rasel rasla rde??a rde??e rde??i re??eh redke redki rekel rekla rekli rjuhe sedlu skril sledu sluga sre??a sre??e sre??i sredi suhih sukal u??ila u??ili udari udari ugaja ugled ujela ujeli ulrik afriki ??udila ??udili deluje drugi?? drugih drugje h??erka hudega hudi??a hudi??u igrala igrali julija jurija juriju kradel krajih kralja kralji kralju kri??al kuhala ljudeh ljudje rde??ih redkih sekira skalar skladu skrila slikar slu??aj sre??al suhega udaril ugleda uredil usedel'),(4525,624,0,'displayType','int','1'),(4526,624,0,'lineLength','int','40'),(4527,624,0,'lineLengthWhole','int','53'),(4528,624,0,'markColor','string','000000'),(4529,624,0,'fontColor','string','223344'),(4530,624,0,'fontSize','int','50'),(4531,624,0,'cFontColor','string','000000'),(4532,624,0,'mFontColor','string','000000'),(4533,624,0,'cBackColor','string','FFF277'),(4534,624,0,'mBackColor','string','FF7C78'),(4535,624,0,'backgroundColor','string','ffffff'),(4536,624,0,'nacin','int','0'),(4537,625,0,'text','string','fvfv fvvv vffv fvfv jmjm jjmm jmmm mjmj jmjm frfv jujm fvfr jmju frjm jufv'),(4538,625,0,'displayType','int','1'),(4539,625,0,'lineLength','int','20'),(4540,625,0,'lineLengthWhole','int','53'),(4541,625,0,'markColor','string','000000'),(4542,625,0,'fontColor','string','223344'),(4543,625,0,'fontSize','int','50'),(4544,625,0,'cFontColor','string','000000'),(4545,625,0,'mFontColor','string','000000'),(4546,625,0,'cBackColor','string','FFF277'),(4547,625,0,'mBackColor','string','FF7C78'),(4548,625,0,'backgroundColor','string','ffffff'),(4549,625,0,'nacin','int','0'),(4550,626,0,'text','string','??em ??im ??rv dam dim drv dva dve eva grm ima ime jem jim kam lev mah maj mak mar me?? med meh mej mir mrk muh muk rim sam sem siv sme sum sva uma vaj val vam vas vda ve?? vej vek vem ves vid vil vir vr?? vre vrh vrv vsa vse vsi ??emu dama dame davi dima drva dveh film glav grem grma grmu hlev hram imam imel jame jami jima kava kave kriv krvi leva leve levi maja mala male mali mama mame mami mara me??a me??e meja meje meji mere meri mesa miha mila mili milj miru mlad mrak mu??i mudi muha muhe muke rame rami reva sama same sami seme siva sive sivi smeh smel smem smer sram umil umre umrl vaje vaju vama vame vami vase vasi vdal vede vedi veja veje veji veke veli vera vere veri vida vidi vije vila vile visi vlak vmes vrag vred vrha vrhu vrli vrvi vsaj vsak vseh vsej vsem ??akam ??emer ??emur ??imer ??uvaj davek david delam divja divje divji durmi dvema dviga glava glave glavi greva hleva hlevu hvala hvali imava imela imele imeli javil jemal kakem kimal kmalu krava krave kr??me kr??mi kriva krivi krvav kumer lasmi levem ma??ek ma??ka mahal mal??i malem malih malim maral maram marka marku me??em megla megle megli mehak mehka mehke mehki meril mesar midva mirka misel misli mlada mlade mladi mleka mraka mraku mu??il re??em rjave samem samih samim sedem sivih slava slave smeha smehu smeje smela smeli smeri sramu suhem sve??a sve??e ujame umrje umrla umrli varuh vaseh v??asi vdala ve??er ve??ja ve??je ve??ji vedel vejah velel velik velja vesel vide?? videl vidim vidva vihar vikar visel vlada vlade vlaka vlaku vle??e vle??i vra??a vraga vre??e vre??i vreme vrgel vrgla vrgli vsaka vsake vsaki vsega vsemi vsemu vsled almira aramis armada ??evlje ??evlji ??rkami divjih dreves drevja drevje drugam drugem drugim dvigal glavah glavar gledam hvalil jemala jemali jemlje kme??ki krajev kr??mar krivde krivdi krvavi ljudem ljudmi ludvik malega marala marija marve?? merila misle?? mislih mislil mislim mladih mladim mrmral mu??ila rahlim rde??im samega samemu sedmih semkaj seveda severu sivimi skriva smejal smilil smisel smisla smislu smreke umikal umiril usmili varuje v??asih v??eraj ve??era ve??eru ve??jih vedela vedeli velela velika velike veliki verige verjel veruje vesela vesele veseli videla videle videli vidika visela visele viseli vladar vlekel vlekla vlekli vra??al vsakem vsaki?? vsakih vsakim vselej'),(4551,626,0,'displayType','int','1'),(4552,626,0,'lineLength','int','40'),(4553,626,0,'lineLengthWhole','int','53'),(4554,626,0,'markColor','string','000000'),(4555,626,0,'fontColor','string','223344'),(4556,626,0,'fontSize','int','50'),(4557,626,0,'cFontColor','string','000000'),(4558,626,0,'mFontColor','string','000000'),(4559,626,0,'cBackColor','string','FFF277'),(4560,626,0,'mBackColor','string','FF7C78'),(4561,626,0,'backgroundColor','string','ffffff'),(4562,626,0,'nacin','int','0'),(4563,627,0,'text','string','dcdc k,k, dccd k,,k cddc ,kk, dck, k,dc dedc kik, dcde k,ki'),(4564,627,0,'displayType','int','1'),(4565,627,0,'lineLength','int','20'),(4566,627,0,'lineLengthWhole','int','53'),(4567,627,0,'markColor','string','000000'),(4568,627,0,'fontColor','string','223344'),(4569,627,0,'fontSize','int','50'),(4570,627,0,'cFontColor','string','000000'),(4571,627,0,'mFontColor','string','000000'),(4572,627,0,'cBackColor','string','FFF277'),(4573,627,0,'mBackColor','string','FF7C78'),(4574,627,0,'backgroundColor','string','ffffff'),(4575,627,0,'nacin','int','0'),(4576,628,0,'text','string','cel, cev, hec, lic, mac, muc, rac, src, vic, cela, cele, celi, cevi, cika, cilj, klic, lica, lice, lici, licu, luca, mica, mici, muca, raca, race, reci, rejc, srca, srce, srcu, ulic, vice, alica, alice, alici, celem, celic, celih, celim, celje, cesar, cilja, cilje, cilji, cilju, curek, curki, curku, dedca, dedci, dedec, drejc, jajca, jajce, jajci, jurca, klice, klici, licem, licih, malce, marca, mavca, mavec, mesec, micka, micki, mucka, samec, scela, sicer, sirec, srajc, srcem, srcih, ulica, ulice, ulici, vejic, akcije, cedila, cedilu, celega, celica, celice, celici, cerkev, cerkva, cerkve, cerkvi, ciljem, ciljev, cirkus, deklic, devica, device, drejca, drejcu, jamice, jelica, jerica, jerice, jerici, klical, krivic, levica, levici, lisica, lisice, lucija, lucije, luciji, mamica, marcel, merice, meseca, mesece, meseci, mesecu, milica, revica, slavec, srajca, srajce, srajci, udarca, udarce, udarci, udarcu, udarec, ulicah, vilice, vkrcal, cerkvah, cerkvam, cesarja, cesarju, deklica, deklice, deklici, delavca, delavce, delavci, delavec, glavica, glavice, idrijca, igralca, igralci, igralec, jaslice, jecljal, klicala, klicali, kljukec, krajcar, krivica, krivice, krivici, marcela, mavrica, meglica, meglice, mesecem, mesecev, mesecih, rde??ica, rde??ice, sklical, udarcem, udarcev, udarcih, cecilija, cerkvica, cerkvice, cerkvici, cesarjem, cesarjev, cesarska, cesarske, cesarski, curljala, delavcem, delavcev, drevesca, drevesce, gledalci, igralcev, jaslicah, kraljica, kraljice, kraljici, kuharica, kuharice, marelice, reakcija, reakcije, smrkavec, vejicami, veselica, veselice, vilicami,'),(4577,628,0,'displayType','int','1'),(4578,628,0,'lineLength','int','40'),(4579,628,0,'lineLengthWhole','int','53'),(4580,628,0,'markColor','string','000000'),(4581,628,0,'fontColor','string','223344'),(4582,628,0,'fontSize','int','50'),(4583,628,0,'cFontColor','string','000000'),(4584,628,0,'mFontColor','string','000000'),(4585,628,0,'cBackColor','string','FFF277'),(4586,628,0,'mBackColor','string','FF7C78'),(4587,628,0,'backgroundColor','string','ffffff'),(4588,628,0,'nacin','int','0'),(4589,629,0,'text','string','lolo ??p??p lool ??pp?? ollo p????p lo??p olp?? ol??p p??lo opl?? l??op'),(4590,629,0,'displayType','int','1'),(4591,629,0,'lineLength','int','20'),(4592,629,0,'lineLengthWhole','int','53'),(4593,629,0,'markColor','string','000000'),(4594,629,0,'fontColor','string','223344'),(4595,629,0,'fontSize','int','50'),(4596,629,0,'cFontColor','string','000000'),(4597,629,0,'mFontColor','string','000000'),(4598,629,0,'cBackColor','string','FFF277'),(4599,629,0,'mBackColor','string','FF7C78'),(4600,629,0,'backgroundColor','string','ffffff'),(4601,629,0,'nacin','int','0'),(4602,630,0,'text','string','ako ??ip ??oh dol dom ego evo god gol gor hip hoj hop joj jok kap kdo kip ko?? kod koj kol kom kos kup lep log lok lov mo?? moj mom o??e o??i oho oko osi pa?? pak par pas pe?? ped pek pel pes pij pik pil pod pok pol pri psa pse psi psu pul rep rod rog rok rop rov slo smo sod sok sol spi uho upa uro vod vol vso cape celo ??elo ??epi ??ipe ??ipi ??ipu ??rko ??udo culo ??ulo dado dajo dalo damo delo doda dolg doli dolu doma domu drog dvom dvor figo ford godi gola gole goli golo gora gore gori goro gosi grdo grlo grof grom halo hipi hipu hlod ho??e hoda hodi hoja hoje hoji hojo holm hrup hudo iglo igro jako jamo jaso je??o jedo jelo jemo jero jo??e joka joku juho ka??o kako kaos kape kapi kapo kavo kdor kepe kilo kipa kipi klop ko??a ko??e ko??i kock ko??o kode kodo koga koli kolo komu koru kosa kose kosi koso kosu krmo krog krov krpe krpo kupa kupe kupi kupo kupu lego lepa lepe lepi lepo levo lilo lipa lipe lipo liso lo??i loki loku lomi lope lopi lopo lord lova lovi lovu luko malo mamo mejo mero meso mico milo mimo miro mo??i moda modi moja moje moji mojo moka moke moko moli molk mora more mrko muho muko o??eh o??em o??ka o??mi oder odra odru ogla oglu ojoj okus oleg olga olge olgi olgo olja olje opis oprl oral oreh orel orje orla orlu osel osem osip osla osle oslo osmi osmo ovac ovca ovce ovco ovil ovir pada pade palm papa para pare pari park paro pasa pase pasu pe??e pe??i pege pela pele peli pelo pepa pepi pero piha pije pika pike piki piko pila pili pipa pipe pipi pipo piva pivo plah ples plev plod plug plus po??i poda podi podu poje pojo polh polj polo pome pouk pove prag prah prav pre?? pred prej prek prev pri?? prid pro?? prod prsa prsi prva prve prvi prvo psom psov rado rajo ramo reko repa repe repi repo rodi rodu rogu roji roka roke roki roko roma rosa rose rosi rovu samo sapa sape sapi sapo savo sero shod silo sivo skok slap slep slog sloj so??a so??e so??i soda sodi soha soka soli sova sovi sovo spal spil spim spod spol spor suho svoj udov umor upal upam upor upov upre uprl uspe uvod vedo vejo vemo vero vhod vido vilo vkup voda vode vodi vodo vola vole voli volk vpil vro?? alico ampak ??asom ??asov ??elom ??epel ??ipov de??ko deklo delom delov divjo dodal dokaj dolga dolge dolgi dolgo domov drago drevo drugo duhom duhov dvoje dvoma dvora dvoru filip glavo godec gorah gorje gorju gorko gospa gospe gospo govor grapo gredo gremo grofa grofu haljo hipov ho??em hodil hodim hrupa hvalo idejo imajo imamo imelo jedjo jokal kakor kamor kdove kislo klopi koder kogar komaj komur korak kosom kova?? kramp kravo kr??mo krilo krogu krovu krvjo kupil ladjo lahko lepem lepih lo??il lorda lovci lovec lovil lovro ma??ko major maori marko maslo meglo mehko micko mihor mirko mlado mleko mo??eh mo??jo mo??mi model moder modre modri modro mogel mogla mogle mogli moglo mojem mojih mojim mokra mokre mokri mokro mol??e mol??i molil molku moral moram morda morem morja morje morju o??ala o??esa odeje odejo odhod odide odkar odkod odmev odpor odpre odpri odprl odpro odve?? ogled okoli okrog okvir omare omari omaro osmih ovire padal padel padla padle padli padlo palec papir parku pasel pasom pavel pavla pavle pe??jo pekel pekla pelje pepel pesek pesem peska pesku pesmi pihal pipec pisal pisar pisem pisma pismo pismu pla??a plaho plava plesu po??el podal podol podrl pogum pojde pojdi pojem pojma poleg polja polje polju pomo?? popil posel posla posle posli poslu povej povem povrh praga pragi prago pragu prahu prava prave pravi pravo preko pri??a pri??e pri??i pri??o prida pride pridi prime prior proda progo prosi prsih prvem prvi?? prvih prvim radio rahlo rde??o redko reklo reko?? repom rjuho rodil rokah rokav romal sedlo skalo sklep sko??i skoro slamo slavo slepi slepo sliko slovo smejo smelo smemo sodil sodim sosed spada spala spali sploh sprva sre??o sredo srepo sve??o svoja svoje svoji svojo upala upali upira uprla uspeh uspel vpije vpili vpliv aprila ??akajo ??epico ??eprav ??lovek dajejo darilo delajo deloma docela dodala dogaja dokler dolgem dolgih dolgim doma??a doma??e doma??i doma??o domala dose??i doslej dospel dovolj drugod duhovi evropi evropo gladko glasom glasov godilo gospod govore govori hipoma hlapca hlapci hlapcu hlapec ho??ejo ho??emo hodijo hodila hodili jokala kajpak kaplja kaplje kljuko klopeh ko??ija ko??ijo kolegi kolesa koliko koraka korake koraki kosilo kosilu krepak krepko krogla krvavo kup??ek kupila kupili lepega levico lovrek mahoma mogo??e mojega mojemu mol??al molila molili morajo morala morale morali moralo moramo morava morejo moremo mudilo o??esom odhodu odkril odpira odpora odprla odprle odprli odprlo odslej oglasi ograjo okolje okolju okviru opravi opreme opremo orodje osupel osuplo padajo padala padale padali pala??e palcem palica palice palico peljal perilo pija??a pija??e pija??i pija??o pijejo pisala pisali pisalo pisavo pla??al plaval plemi?? plesal plju??a po??aka po??asi po??ela po??eli po??ilo po??iva podala pogled poglej pogoje poguma pojavi pojdem poklic pokril pokrov police polici polico poljih pomaga pomiri pomlad pomo??i poprej pore??e poroke poroki poroko poskus poslal poslej posode posodo povrhu povsem povsod praksi pravdo pravem pravih pravil pravim precej predal predse prehod prejel prepad prepir prerok preve?? pri??el pridem prihod prijel primer privid proces prodal prosil prosim prvega prvemu recimo rodila rokama rokami sekiro sijalo sko??il skoraj skupaj sladko slepar smehom soseda spla??a spodaj spopad spravi spri??o srajco svojem svojih svojim upiral uspeha uspelo valovi veliko veselo videlo vidijo vidimo visoka visoke visoki visoko vleklo vodijo vodila vojaka vojake vojaki vojska vojske vojski vojsko vpliva vpri??o vsakdo mikroprocesor operacijskega priporo??ljivo pripovedovala pripovedovale pripovedovali pripovedujejo spremljevalca spremljevalci spremljevalec pripovedovalec spremljevalcem'),(4603,630,0,'displayType','int','1'),(4604,630,0,'lineLength','int','40'),(4605,630,0,'lineLengthWhole','int','53'),(4606,630,0,'markColor','string','000000'),(4607,630,0,'fontColor','string','223344'),(4608,630,0,'fontSize','int','50'),(4609,630,0,'cFontColor','string','000000'),(4610,630,0,'mFontColor','string','000000'),(4611,630,0,'cBackColor','string','FFF277'),(4612,630,0,'mBackColor','string','FF7C78'),(4613,630,0,'backgroundColor','string','ffffff'),(4614,630,0,'nacin','int','0'),(4615,631,0,'text','string','fvfb fbfb frfb jmjn jnjn jujn fbjn fbfr jnju bnfj rbun fbbf jnnj'),(4616,631,0,'displayType','int','1'),(4617,631,0,'lineLength','int','20'),(4618,631,0,'lineLengthWhole','int','53'),(4619,631,0,'markColor','string','000000'),(4620,631,0,'fontColor','string','223344'),(4621,631,0,'fontSize','int','50'),(4622,631,0,'cFontColor','string','000000'),(4623,631,0,'mFontColor','string','000000'),(4624,631,0,'cBackColor','string','FFF277'),(4625,631,0,'mBackColor','string','FF7C78'),(4626,631,0,'backgroundColor','string','ffffff'),(4627,631,0,'nacin','int','0'),(4628,632,0,'text','string','ana ane ani ano bab bal bas beg bel bes bi?? bik bil bob bog boj bok bom bos brk bum ??in ??rn dan dna dne dni dno dnu dob don ena ene eni eno gib gin grb gub jan krn nad nag naj nak nam nas nek nem ni?? nje nji njo no?? nog nor nos nov oba obe ona one oni ono pob ran rib rob san sen sin sna snu sob van ven vrb alba amen anca apna apno baba babe babo baje bala bale bali balo barv beda bega begu bela bele beli belo bere beri besa bi??a bi??i bife bije bika bila bile bili bilo bios biva blag bled blok bobi boca bode bodi bodo boga bogu boja boje boji bojo boju boke boki boku boli bolj bomb bomo bore bori bosa bosi bova bral bran brda brdo brdu breg bril brke brki brvi bu??a bu??e bu??i bu??o buda cena cene ceni ceno ??lan ??oln ??rna ??rne ??rni ??rno cunj dana dani dano dene dina dlan dneh dnem doba dobe dobi dobo doni eden egon enak enem enih enim erna fani fino fran gane giba gibi gina gnal gnoj gnus goba gobe gobo goni grob guba gube gumb hans hrib imen iran ivan jana john kino kinu klin klub konj kron lani lena leni leno lina line lini lino ljub luna lune luni luno mana mane manj mano mene meni mine mlin nace naju nama name nami nanj nase nauk neba nebo nebu ne??e neda nego neha neka neke neki neko nema neme nemi nemo nese nima nini nisi niso njej njem njen njih njim njiv njun no??e no??i noga noge nogi nogo nora nore nori noro nosa nosi nosu nova nove novi novo nudi nuna nune obed obeh obok obrv obul obup oken okna okni okno oknu ondi onem onih onim oseb ovnu pena pene peni plan plen plin poba pobu poln ponj rabi rabo rana rane rani rano riba ribe ribi ribo roba robe robo robu sabo sani sanj sebe sebi sena senc seno senu sina sine sinu skrb slab slon sneg snel snob snop snov soba sobe sobi sobo srbi srna sune ubil ubog u??en urno vabi vanj vdan venc vina vino vinu vnel vnuk vonj vran vrbe vrbo vrne vrni alena aleni aleno an??ka angel anica anici anico baron barva barve barvo belem belih belim bera?? besed besno blaga blago bleda blisk bodem bogom bogov bogve bojim bojni bolan bolje bolna bolni bolno boris brado brala brani bregu breme briga bruno burja burno ??lani ??rnem ??rnih ??rnim ??uden ??udna ??udne ??udni ??udno cunje danes davno debel denar desni desno dlani dneva dneve dnevi dnevu dober dobil dobim dobra dobre dobri dobro dunaj edina edini edino enaka enake enaki enako enega enemu evgen franc ganil gnali groba grobu hrana hrane hrani hrano hriba hribe hribu hugon imena imenu ivana jakob jasen jasna jasno javno jesen junak kajne kamen kamna kamne kamni kamnu kljub knjig kolen konca kon??a koncu konec konja konje konji konju krpan la??en la??ni lahno ljuba ljubi ljubo lonec menda menih menil menim menoj milan minil minka miren mirna mirne mirni mirno mnoge mnogi mnogo mo??an mo??na mo??ne mo??ni mo??no na??in naglo nagne najde najel najsi nakar nalil namen nanje nanjo napad napak napil napis napol narod nebes nebom ne??em nehaj nehal nekaj nekak nekam nekdo nekem nekim nekje neko?? nekod nemci nemir nesel nesla nih??e nikar nimam nisem nismo nisva njega njemu njena njene njeni njeno njiju njima njimi njive njivi njivo njuna njune njuni njuno noben no??em no??jo no??ni nocoj nogah nogam nosil nosom novem novih novim nujno obali obema obilo obisk objel oblak oboje obrne obrvi odnos ogenj ognja ognju oknih oknom onega onemu oseba osebe pijan plane po??ne polna polne polni polno pomen ponos ra??un ramen raven ravna ravni ravno redno resen resno robec ro??no rojen roman sanja sanje seboj senca sence senci senco silno simon sinom skrbi slaba slabe slabi slabo slino sloni snega snegu sodbo sodni sonca sonce soncu sr??no sunil ubili uboga ubogi ubogo vajen vanje vanjo varno vdano ve??na ve??ni ve??no vedno vidno vinom vnemo vojna vojne vojni vojno vrnem vrnil andrej angela angeli babica babice babico baliju balkon baraba barake barako barica barona baroni baronu barvah bedaka begale belega belemu belila belimi belina beline belino bencin bera??a bera??e bera??i bera??u berejo beremo berlin beseda besede besedi besedo besnel bi??ali billom biri??a biri??i biseri blagne blagom blagor bledem bledih bledim bliska bliski blodil bobija bobiju bobnov bodemo bodeva bodimo bodisi bodiva bodo??e bodo??i bogove bogovi boje??a boje??e bojijo bojimo bojnih bojuje bole??e bolela bolelo bolijo bolnik borijo borila borili borisa borisu bosimi bralec branil branja branje branju brcnil brdavs bregom bridka bridke bridki bridko brigal brisal brlela brnela brskal bruhal buljil ??ebele ??rnega ??rnimi debela debele debeli debelo dlanjo dnevno dobijo dobila dobili dobilo dobimo dobiva dobrem dobrih dobrim dobrin dolina doline dolini dolino droban drobce drobci drobec droben drobil drobna drobne drobni drobno dunaju dvigne dvoboj dvojbe france giblje glasba glasbe glasbi glasbo glasno glavna glavni glavno globel globin globok goloba grabil greben grenko grobar grobom grobov gubice helena hladna hladno hlebec hlebov hodnik hrabri hrabro hribih hribom hribov hrupno imenom indiji ivanka jagnje jakoba jakobu jambor jankec jerbas jernej jeseni kabine kabini kabino kaplan klancu klobas klobuk knjiga knjige knjigi knjigo kobilo kolena koleni koleno kon??al koncem koncev kon??no krasno krenil labodi ledeno lenoba lenobo lesena lesene leseni leseno ljubil ljubim ljubka ljubko london luknje luknjo mahnil majcen majhen majhna majhne majhni majhno malone manjka mednje menihi menila menili minila minilo mnenja mnenje mnenju mnogih mornar mra??no nabere nabira nabral na??ina na??ine nadenj nadvse nagiba naglas nagnil nahaja najdem najve?? naloga naloge nalogo namene namre?? napake naprej narava narave naravi naravo naredi narobe naroda narodi naslov nasmeh nau??il navada navade navadi navado nebesa ne??esa nekako nekdaj nekega nekoga nemara neumen neumna neumno nikdar nikjer nikoli nimajo nimamo njegov njenem njenih njenim njihov njunih nobena nobene nobeni nobeno no??ejo nogami nor??ek nosijo nosila nosili novega novemu novica novice novico obadva ob??ina obdaja obdana obenem obesil obi??aj obilja obilju obilna obilne obilno obiral obiska obiske obiski obisku objame objela objema objemu obla??i oblaka oblake oblaki oblaku oble??e oble??i obleka obleke obleki obleko oblika oblike obliki obliko oblila obljub obnese obokom obra??a obreda obrede obrise obrisi obrnem obrnil obrvmi obudil obupal obupan obupno obupom odbija odbije odbila odbilo odboru odvrne ogabno ogibal ognjem ohrani okence okrene omembe omenil onadva onkraj osebje osebna osebne osebni osebno oskrbi osorno ovinku palubi pesnik pijani pisano plamen planil plovbe plovbo pobere poberi pobili pobira pobral pobudo poceni podboj podoba podobe podobi podobo pogani pognal pogreb pogubi pogubo poljub polona pomena pomeni pono??i ponosa ponovi popoln povabi prebil preden predno pribil pribor priden pridno rabelj rabijo rabila rabili ramena rameni ranjen ravnal re??eno resnik ribami ribi??i ribnik rob??ek robcem robove robovi rosana rumena rumeni rumeno sabina sablja sablje sabljo sanjah sanjal sekund semenj simbol sino??i sinove sinovi skloni skrbeh skrbel skrbjo skrbne skrbno skupno slabem slabih slabim slonel sobici sobico sodnik soncem son??ne son??ni spanec spanja spanje spanju spomin spomni srbske srebra srebrn srebro sre??en sre??na sre??ni sre??no suknjo ubijal ubogal ubogih ubogim u??enci u??enec u??inek udoben udobja udobje udobna udobno uganil ugibal ugodno umakne uni??il upanja upanje upanju uradno vabila vabili vabilo vabilu varnem ve??ina ve??ini ve??ino ven??ek vendar vkljub vnovi?? vodnik vrabci vrabec vrbami vreden vredna vredne vredni vredno vrnejo vrnila vrnili vseeno jablana jabolko blagoslovljen jugoslovanske jugoslovanski karabinjerjev ljubljanskega nepopravljivo nepremagljiva nepri??akovano osvobodilnega prepri??evalno prese??nikovih pri??akovanjem primanjkovalo pripravljenih blagoslovljeno jugoslovanskih pripovedovanja pripovedovanje pripovedovanju'),(4629,632,0,'displayType','int','1'),(4630,632,0,'lineLength','int','40'),(4631,632,0,'lineLengthWhole','int','53'),(4632,632,0,'markColor','string','000000'),(4633,632,0,'fontColor','string','223344'),(4634,632,0,'fontSize','int','50'),(4635,632,0,'cFontColor','string','000000'),(4636,632,0,'mFontColor','string','000000'),(4637,632,0,'cBackColor','string','FFF277'),(4638,632,0,'mBackColor','string','FF7C78'),(4639,632,0,'backgroundColor','string','ffffff'),(4640,632,0,'nacin','int','0'),(4641,633,0,'text','string','frft jujz fttf jzzj ftft jzjz tfft zjjz ftjz jzft rtfv uzjm'),(4642,633,0,'displayType','int','1'),(4643,633,0,'lineLength','int','20'),(4644,633,0,'lineLengthWhole','int','53'),(4645,633,0,'markColor','string','000000'),(4646,633,0,'fontColor','string','223344'),(4647,633,0,'fontSize','int','50'),(4648,633,0,'cFontColor','string','000000'),(4649,633,0,'mFontColor','string','000000'),(4650,633,0,'cBackColor','string','FFF277'),(4651,633,0,'mBackColor','string','FF7C78'),(4652,633,0,'backgroundColor','string','ffffff'),(4653,633,0,'nacin','int','0'),(4654,634,0,'text','string','ata bit ??ez ??rt ??ut itd iti itn jaz jez kot krt laz let mit miz nit pet pot prt raz rit sit sta ste sto tak tal tam tat teh tej tek tem ter tih tik tim tip tja tla tod tok ton top trd trg tri trn tuj ust ute uti uto vez voz vrt zde zdi zid zla zle zli zlo zlu zna zob zre zrl zve avta avto avtu bati baze bazi bazo biti brat brez brzo ??ast cest ??eta ??ete ??eti ??eto ??ist ??ita ??rta ??rte ??rti ??rto ??uta ??uti cvet dati dete dote doto efez enot fant fazi gazi gost gozd hiti hote ista iste isti isto itak izba izbe izbi izbo izda izve izza jata jeza jeze jezi jezo jezu kart kati kite kiti kito klet kmet knez kost kota kote kotu koza koze kozo krst kuto last lazi lazu leta leti leto letu leze lezi list liza lizi lizo lojz loti mast mati mest meta meti meto miza mize mizi mizo most moti mraz muza nate nato niti note obrt omet opat otel otok otrl ozek ozka ozke ozki ozko ozre ozrl past pazi pest peta pete peti peto piti plat plaz plot polt port pota poti potu prst prti prtu ptic pti?? pult pust rast reza riti roza rozi ruta rute ruti ruto sita siti skoz smrt solz sort spat spet stal stan star sten stez stik stoj stok stol svet svit tabo taji taka take taki tako tale tank tatu tebe tebi te??e teci te??i tega teka teku tele telo tema teme temi temo temu tepe teta tete teti teto ti??a ti??e ti??i tiha tihe tihi tiho tile tina tin?? tine tipa tipi tira tiru tisk tlak tleh tlom to??a to??e toda togo toku tole tomo tona tone toni tono tonu topa topi topo trak tram trav trda trde trdi trdo treh trem trga trge trgu trka trla trlo trma trme trmo trpi trst trta trte trud trup tudi tuja tuje tuji tujo tule tuli tvoj ubit uiti ujet ukaz usta usti uzrl vate vest vezi vnet voza vozi vozu vrat vrst vrta vrti vrtu vrzi vtem vtis vzel vzet vzor zala zali zalo zame zanj zase zate zato zave zbal zbil zbit zbor zdaj zdel zebe zeli zelo zeta zevs zida zidu zima zime zimi zimo zine zlat zlil zlom zmaj zmes znak znal znam znan znoj zobe zofi zofo zora zore zori zoro zrak zrel zrla zrle zrli zrna zrno zro?? zven zver zvez zvil zvit zvok zvon agent anton azije aziji bajta bajte bajti bajto bitja bitje blato blatu blizu bluzi bluzo bogat bojte bosta boste botra brata brate brati bratu brest buzet ??asti cesta ceste cesti cesto ??esto ??etrt ??ista ??iste ??isti ??isto ??ital ??util ??utim dajte deset devet dokaz dosti drzen drzna drzne drzno enote fanta fante fantu gates gazil gosta goste gosti gosto gotov gozda gozdu grize groza groze grozi grozo hitel hitro hosti hotel hrast hrbet hrbta hrbtu hunze imata imate imeti iskat istem istih istim izdal izhod izlet izlil izmed iznad izpil izpit izpod izraz izven izvil izvir izvod izvor izziv janez jesti jezen jezik jezil jezna jezni jezno jezom jezus jutra jutri jutro jutru kadet kajti karte katra katri katro kazal kazen kazni kleti kmeta kmete kmetu kosti kotih kozji kozla krsto lazar lazil letal letih letom letos lezel lezla lista liste listi lizal lojze lotil lotus mater matic mesta mesto mestu metal meter metra minut mizah mizar mostu motil motim motno motor mozeg mraza mrazu mrtev mrtva mrtve mrtvi mrtvo mrzel mrzla mrzle mrzli mrzlo muzal muzej na??rt najti nazaj naziv nazor nista niste nizek nizka nizke nizki nizko notar noter notri obraz o??eta o??etu oditi odprt odtod odziv oltar opata opatu opazi ostal oster ostra ostre ostri ostro otoka otoku otrok ozira oziru ozkem ozkih ozrem ozrla ozrli pamet pariz pasti pater pazil pazim pazno pe??at pesti petek peter petih petje petra petru pilat pilot plast plati plazi pleza po??ez poraz poteh potem potez potjo potne potni potno potok potrt poziv pozna pozne pozni pozno pozor priti prost proti prste prsti ptica ptice pti??i pusta puste pusti pusto raste rasti razen razna razne razni razum rezal rezek rezka rezko ritem ritmu ropot rotil satan sezul sitno skozi skrit slast smete smeti smrti solza solze solzi solzo spati stala stale stali stalo stane stanu stara stare stari staro stati stavo ste??e stena stene steni steno steza steze stezi stezo stike stilu stoje stoji stola stolp stolu stopa stopi stori strah stran strel stric strme strmi strmo stroj strop strup stvar sveta svete sveti sveto svetu svitu tabor ta??as tajno takem takih takim takle takoj tamle tanka tanki taval teboj tedaj teden tedna tedne tednu tekel tekla tekle tekli teklo teles teman temle temna temne temni temno tenak tenka tenke tenko tepec tepel tepko tepli tesar tesno ti??al tihem tihim tinka tiran tiso?? tista tiste tisti tisto tlaku tnalo tobak to??ki to??no topel topla tople topli toplo torbo torej traja trapa trati trava trave travi travo trden trdih trdil trdim trdna trdno treba tremi trese trgal trije troje trpel trpko trstu truda trudi trzne tujca tujci tujec tujem tujih tujim tukaj tulil tvoja tvoje tvoji tvojo ubiti u??iti ujeti ukaza ukaze ukazi ukazu ustih verzi vesta veste vesti veter vetra vetru videz vitez vneto votlo vozel vozil vozom vozov vrata vrati vratu vrsta vrste vrsti vrsto vrtel vrzel vsoto vstal vstop vzame vzdih vzela vzele vzeli vzelo vzemi vzeti vzhod vzlic vzmet vznak vzpel vzpon vzrok zabil zaboj za??el za??ne za??ni za??no za??ul zadaj zadal zadel zadet zadev zadrl zahod zaide zajca zajci zajec zajel zakaj zakon zalil zaliv zaman zani?? zanje zanjo zanju zanko zanos zapah zapel zapil zapor zapre zapri zaprl zapro zaprt zardi zares zaril zarja zarje zarjo zarod zaspi zatem zaupa zavil zavit zavod zavoj zavre zazdi zazre zazrl zbala zbere zbira zbora zboru zbral zbran zbudi zbuja zdela zdele zdeli zdelo zdeti zdijo zdoma zdrav zeblo zelen zelje zgaga zgane zgled zgodb zgodi zgolj zgrda zgubi zibal zibel zidal zidar zidom zidov zijal zinil zinka zinko zlata zlate zlati zlato zlatu zlega zlepa zleze zliva zlobe zmaga zmage zmagi zmago zmaje zmeda zmede zmedo zmeni zmore zmoti zmoto znajo znake znaki znala znali znamo znana znane znani znano znate znati znebi znoja znoju znova zobeh zobje zobmi zoper zopet zoprn zraka zraku zrejo zrela zrele zrelo zrkli zrnje zunaj zveni zveri zvest zveza zvezd zveze zvezi zvezo zvija zvite zvito zvoka zvoke zvoki zvoku zvona zvoni bistra bistro bistvo bistvu bodete bodite bogata bogate bogati bogato boriti bratje bratom bratov brazde bresta brezno butnil ??akati celoti center centru cestah cestar ??etrti ??etrto ??etudi ??ezenj ??ustev ??ustva ??ustvo ??utijo ??utila ??utili ??utiti cvetja cvetje ??vrsto dajati deklet delate delati dihati dobiti dokaze doktor dotlej drznil dvesto enajst enkrat ernest fantje fantom fantov felton funtov ganiti gledat glejte gnezda gnezdo gostje gostom gostov gotovo gozdni gozdom gozdov gresta greste grizel grozil grozna grozne grozno hitela hiteli hkrati ho??eta ho??ete hoditi hotela hotele hoteli hotelo hotelu hrbtom igrati imejte iskati istega izbere izbira izbire izbiro izbral izdaja izdala izdali izgine izgube izgubi izgubo izhaja izhoda izhodu izidor izjema izjeme izlila izpije izpred izraza izrazi izre??i izro??i izumil izvila izvira janeza janezu jetnik jezdec jezdil jezera jezero jezeru jezika jezike jeziki jeziku jezila jezilo jezusa jezusu jokati katera katere kateri katero katica kazala kazale kazali kazalo kmetih kmetje kmetom kmetov konzul kopita korist korito koritu kratek kratka kratke kratki kratko kultur kupiti kuralt lakota lakote lakoto lastna lastne lastni lastno lepota lepote lepoto lestev letala letalo leteli listek listja listje listov lo??iti lojzka lotila martin matere materi matica matija matijo medtem mestih mestne mestni mestno mestom metali metrov milost minute minuto mizici mojzes moliti morata morate moreta morete motila motilo motiti motril mrtvih mrzlem mrzlih muzeju na??rta na??rte na??rtu nadzor napeti napeto napoti napoto nastal nasvet navzo?? nehote neznan nimate nizdol nizkem nizkih nizkim norost nosite nositi oblast obraza obraze obrazi obrazu obstal o??etje o??etom o??etov o??ital o??itno odprta odprte odprto odtlej odzval opazil opazno ostaja ostala ostale ostali ostalo ostane ostani ostati ostrim otroci otroka otroke otroki otroku ozadja ozadje ozadju oziral pameti pariza parizu pastir pazila pazili pazite paziti peruti pestjo pestmi petami petimi petsto pisati plasti po??eti poleti postal poteka poteza poteze potlej potoka potoku potrpi potuje povest povzel pozabi pozimi poznal poznam poznih prazen prazna prazne prazni prazno prizor prosti prosto prstan prstih prstom prstov pustil pustim radost razbil razlog raznih razred razuma razume razvil razvoj recite rezala rezika rozina rozino samoti sedeti sedita sestra sestre sestri sestro seznam sirota sistem skrita skrite skriti skrito slutil smrtjo smrtna smrtni smrtno soboto sokrat solzah spozna sproti spusti srdito stalno stanje stanju starca starci starcu starec starem starih starim starka stavbe stavek stavka steber stegne stekel stekla steklo stenah stezah sti??no stiska stiske stiski stisne stojim stokal stolov stolpa stopal stopil stopim storil storim strahu strani strast streha strehe strehi streho strela strese strgal strica stricu strmel strmem strogo stroja stroji stropa stropu strugo stvari svatje svetel svetem svetih svetil svetim svetin svetla svetle svetli svetlo svetom taboru takega takemu takimi takole takrat tamkaj te??ejo tednih tednov telesa telesu temnem temnih temve?? teodor tereza tilnik tineta tinica tiso??e tistem tistih tistim tobaka tokrat toliko tolkel tolmun ton??ka toplem trdega trdijo trdili trditi trebuh trenil tresel tresla tresle tretja tretje tretji tretjo trezen tristo trpela trpeli trpeti truden trudil trudna trudne trudno truplo trznil tujega tujini tvojem tvojih tvojim ukazal ukazov umazan umetno umreti ustavi ustnic utegne vajeti valpet vedeti vestno videti videza videzu vidite viktor viteza vizije vozijo vozila vozili vozilo voziti voznik vozove vozovi vpitje vratca vratih vratom vrniti vrstah vrtela vstala vstali vstane vstani vstati vstopi vstran vzamem vzgoja vzgoje vzgoji vzgojo vzhoda vzhodu vzorec vzroka zabava zabave zabavo zaboga za??ela za??ele za??eli za??elo za??eti za??nem za??uda za??udi za??uti zadela zadeli zadelo zadene zadere zadeti zadeva zadeve zadevi zadevo zadnja zadnje zadnji zadnjo zagnal zagrmi zahoda zahodu zajame zaj??ek zajela zajema zajeti zajtrk zaklad zaklel zakona zakone zakoni zakonu zalila zaliva zaloge zameno zamere zameri zamude zamudo zanima zapela zapeli zapoje zaporu zaprla zaprle zaprli zaprlo zaprta zaprte zaprti zaprto zaradi zardel zaspal zasu??e zaupal zaupam zaupno zaveda zavese zaveso zavest zaveze zavije zavila zavili zavist zavita zaviti zavito zavodu zavpil zavrne zavrti zavzel zaznal zazrla zbegan zbiral zbirke zbirko zbogom zbolel zbrala zbrali zbralo zbrana zbrane zbrani zbrano zbrati zbudil zdajci zdajle zdale?? zdrava zdrave zdravi zdravo zdrsne zdrzne zelena zelene zeleni zeleno zemlja zemlje zemlji zemljo zganil zgodaj zgodba zgodbe zgodbo zgodil zgoraj zgrabi zgrudi zgubil zibala ziblje zidove zidovi zimsko zlagal zlahka zlasti zlatih zlatim zlatom zletel zlezel zlezla zlobno zlo??in zlomil zmagal zmajal zmedel zmeden zmenil zmeraj zmerom zmogel zmogli zmotil zna??aj znakov znanca znance znanci znanec znanih znanja znanje znatno znebil znorel zoprno zra??ni zrakom zrasel zrasla zrasli zraven zravna zrcalo zrcalu zve??er zvedel zvenel zvesta zvesti zvesto zvezda zvezde zvezdo zvezek zvijal zvonce zvonci zvonec zvonik zvonil zvrnil devetnajstega dokumentacijo dvajsetletnik gostilni??arja gostilni??arju intelektualci intelektualno izpostavljeni izpregovorila izpregovoriti ljubosumnosti metaprogramer najverjetneje naklonjenosti nepravi??nosti neprijetnosti nerazkrivanju ob??utljivosti petinpetdeset petintrideset poslednjikrat predstavljajo predstavljala predstavljali predstavljati presenetljivo prijateljstva prijateljstvo prijateljstvu pripovedovati prizanesljivo proizvajalcev prostovoljcev radovednostjo razburjenosti raziskovalcev razpravljanja razpravljanje razpravljanju skrivnostnega teritorialcev tradicionalni tradicionalno zadovoljstvom znanstvenikov dostojanstveno konservatoriju pripravljenost tradicionalnih ustvarjalnosti'),(4655,634,0,'displayType','int','1'),(4656,634,0,'lineLength','int','40'),(4657,634,0,'lineLengthWhole','int','53'),(4658,634,0,'markColor','string','000000'),(4659,634,0,'fontColor','string','223344'),(4660,634,0,'fontSize','int','50'),(4661,634,0,'cFontColor','string','000000'),(4662,634,0,'mFontColor','string','000000'),(4663,634,0,'cBackColor','string','FFF277'),(4664,634,0,'mBackColor','string','FF7C78'),(4665,634,0,'backgroundColor','string','ffffff'),(4666,634,0,'nacin','int','0'),(4667,635,0,'text','string','???????? l.l. lol. l.lo l..l l..l ???????? ???????? ????l. .l???? ??p???? p??p??'),(4668,635,0,'displayType','int','1'),(4669,635,0,'lineLength','int','20'),(4670,635,0,'lineLengthWhole','int','53'),(4671,635,0,'markColor','string','000000'),(4672,635,0,'fontColor','string','223344'),(4673,635,0,'fontSize','int','50'),(4674,635,0,'cFontColor','string','000000'),(4675,635,0,'mFontColor','string','000000'),(4676,635,0,'cBackColor','string','FFF277'),(4677,635,0,'mBackColor','string','FF7C78'),(4678,635,0,'backgroundColor','string','ffffff'),(4679,635,0,'nacin','int','0'),(4680,636,0,'text','string','ba??. bo??. ??e??. da??. du??. hi??. je??. ko??. mi??. na??. pe??. pi??. ??ah. ??al. ??ef. ??el. ??la. ??le. ??li. ??lo. ??ok. ??ol. ??op. ??um. u??i. va??. ve??. ??a??e. ??a??o. di??i. du??a. du??e. du??i. du??o. gre??. hi??a. hi??e. hi??i. hi??o. ima??. i????e. ma??a. ma??e. ma??i. ma??o. me??a. mi??i. na??a. na??e. na??i. na??o. pa??a. pa??o. pi??e. pi??i. re??i. ??ala. ??ale. ??ali. ??alo. ??efa. ??ele. ??est. ??iba. ??ibe. ??ibo. ??ine. ??ipe. ??ipo. ??iri. ??iva. ??kaf. ??kof. sme??. ??ola. ??ole. ??oli. ??olo. spi??. ??tab. ??tel. ??uma. ??umi. ti??e. u??el. u??es. u??la. u??lo. va??a. va??e. va??i. va??o. vi??e. v??e??. zna??. biv??i. bode??. boji??. bri??e. ??aka??. ??e??ke. ??e??ki. ??e??ko. ??uti??. dela??. dobi??. du??ka. gre??i. hi??ah. hi??na. hi??ni. ho??e??. hodi??. huj??a. huj??e. huj??i. i????em. ka????o. koko??. la??ki. la??ko. lep??a. lep??e. lep??i. meni??. milo??. mora??. more??. mo??ka. mo??ke. mo??ki. mo??ko. na??el. na??em. na??ih. na??im. na??la. na??li. nima??. no??e??. ob??el. ob??la. ob??lo. od??el. od??la. od??li. o??ine. pije??. pi??em. pla????. ple??e. plo????. po??to. pove??. pu????a. pu??ke. pu??ko. raj??i. re??e??. rek??i. re??en. re??il. ??alil. sedi??. ??ibka. ??imen. ??inil. ??iril. ??irok. ??ir??e. ??koda. ??kode. ??kodi. ??kodo. sku??a. sli??i. ??ofer. ??opek. ??otor. ??taba. ??teje. ??teti. ??tiri. ta????a. ta????o. ti????i. tru????. u??esa. u??esi. u??esu. va??em. va??ih. va??im. va??ke. va??ki. ve????e. vidi??. vi??ja. vi??je. vi??ji. vrne??. za??el. za??la. bolj??a. bolj??e. bolj??i. bolj??o. ??e??kem. ??e??kih. ??e??nje. dalj??e. dalj??i. di??ala. di??alo. ga??per. gleda??. gre??il. hi??ami. hru??ka. hru??ke. hru??ko. i????ejo. i????ete. kak??en. kak??na. kak??ne. kak??ni. kak??no. ka??elj. koko??i. ko??aro. ko??ato. ko????ek. ko????en. ko????ke. kraj??i. kvi??ku. manj??a. manj??e. manj??i. manj??o. maru??a. milo??a. milo??u. mi??ice. misli??. mlaj??a. mlaj??i. mo??kih. mo??kim. mo??njo. mo??tvo. najde??. nala????. nana??a. na??ega. na??emu. na??imi. nem??ka. nem??ke. nem??ki. nem??ko. obi????e. obri??e. o??abno. o??inil. pi??ejo. pla????a. pla????u. pla??no. plo????e. plo????i. plo????o. po??ne??. poi????e. pojde??. po??ast. po??lje. po??tar. po??ten. po??tev. pozna??. pra??ni. pravi??. pre??el. pre??la. pre??lo. pride??. pri??el. pri??la. pri??le. pri??li. pri??lo. pu????al. raz??la. raz??li. re??ila. re??ili. re??iti. ????epec. ??epnil. ??estih. ??inila. ??inilo. ??irijo. ??irila. ??iroka. ??iroke. ??iroki. ??iroko. ??katle. ??katlo. sku??al. slab??e. slab??i. sli??al. sli??im. sli??i??. sli??no. sme??en. sme??no. ??olske. ??olski. ??otora. ??otoru. spu????a. star??e. star??i. ??tefan. ??tirih. ??tirje. sti??ki. stoji??. ??tudij. ??umela. ??umelo. tak??en. tak??na. tak??ne. tak??ni. tak??no. ti????al. ti??ina. ti??ine. ti??ini. ti??ino. tur??ke. tur??ki. u??esih. u??esom. va??ega. va??emu. va??kih. vi??ine. vi??ini. vi??ino. vme??al. vpra??a. v??tric. vzame??. zme??an. zna??el. zna??la. zna??li. zru??il. zvi??ka. muzikolo??kega. nevo????ljivost. nezasli??anega. povpra??evanje. premi??ljevala. premi??ljevali. premi??ljevati. prevzvi??enost. prislu??kovala. pustolov????ina. pustolov????ine. ra??unalni??kem. ra??unalni??kih. ra??unalni??tva. ??estindvajset. strokovnja??ko. ra??unalni??kega. ??tiriindvajset.'),(4681,636,0,'displayType','int','1'),(4682,636,0,'lineLength','int','40'),(4683,636,0,'lineLengthWhole','int','53'),(4684,636,0,'markColor','string','000000'),(4685,636,0,'fontColor','string','223344'),(4686,636,0,'fontSize','int','50'),(4687,636,0,'cFontColor','string','000000'),(4688,636,0,'mFontColor','string','000000'),(4689,636,0,'cBackColor','string','FFF277'),(4690,636,0,'mBackColor','string','FF7C78'),(4691,636,0,'backgroundColor','string','ffffff'),(4692,636,0,'nacin','int','0'),(4693,637,0,'text','string','???????? ???????? ???????? ???????? ???????? ???????? ???????? ???????? j??j?? j????j j??????'),(4694,637,0,'displayType','int','1'),(4695,637,0,'lineLength','int','20'),(4696,637,0,'lineLengthWhole','int','53'),(4697,637,0,'markColor','string','000000'),(4698,637,0,'fontColor','string','223344'),(4699,637,0,'fontSize','int','50'),(4700,637,0,'cFontColor','string','000000'),(4701,637,0,'mFontColor','string','000000'),(4702,637,0,'cBackColor','string','FFF277'),(4703,637,0,'mBackColor','string','FF7C78'),(4704,637,0,'backgroundColor','string','ffffff'),(4705,637,0,'nacin','int','0'),(4706,638,0,'text','string','br?? de?? je?? la?? mo?? no?? o??e o??i o??o ri?? ro?? ??ak ??al ??ar ??di ??el ??en ??ep ??ge ??id ??ig ??il ??iv ??re ??rl an??e be??i bla?? bo??a dr??e dr??i jo??e ka??e ko??a ko??e ko??i ko??o kri?? la??e la??i le??e le??i li??e lu??e lu??i mo??a mo??e mo??u mro?? ne??a ne??e ne??i ne??o ni??e no??e opa?? o??je o??ji re??e re??i re??o ri??a ro??a ro??e ro??o se??e sve?? te??a te??e te??i te??o to??i ve??a ve??e ve??i ve??o vr??e ??abe ??aga ??age ??agi ??ago ??ari ??del ??eja ??eje ??ejo ??ela ??eli ??ena ??ene ??eni ??eno ??epa ??epe ??epu ??gal ??ice ??ico ??ila ??ile ??ita ??ito ??iva ??ive ??ivi ??ivo ??leb ??oga ??ogo ??ol?? be??al be??en be??no bli??a bli??e bo??al bo??i?? bo??ja bo??je bo??ji bo??jo ??ude?? dele?? de??el de??ja de??ju dra??i dru??b dru??i dr??al dr??av dr??e?? dr??im dr??i?? fi??ol jo??ef jude?? ju??ne ju??ni ju??no ko??uh kri??a kri??e kri??i kri??u kro??i la??em la??e?? la??je la??ji la??jo la??ni le??al le??e?? le??im made?? mo??ak mo??eh mo??em mo??je mo??mi mo??na mo??ne mo??ni mo??no mre??a mre??e mre??i mre??o ne??en ne??na ne??ne ne??ni ne??no ni??je ni??ji no??em omo??i opa??a o??bej o??eni o??ivi pape?? pla??i po??ar po??re po??rl pre??i reve?? re??al re??im ro??co ro??ni ro??no sede?? slu??b slu??i sne??i sve??e sve??i sve??o te??ak te??av te??ek te??ja te??je te??ka te??ke te??ki te??ko tja??a tja??u toma?? to??ba to??be to??bo to??il to??it to??no tr??ne tr??ni tr??no uka??e ure??e u??iva va??en va??na va??ne va??ni va??no ve??na vid??i vrve?? vr??em vr??en ??agal ??alil ??amet ??arek ??arel ??arke ??arki zbe??i ??ejen ??ejna ??ejni ??elel ??elim ??eli?? ??elja ??elje ??elji ??eljo ??elva ??elve ??enam ??enil ??enin ??ensk ??epih ??etev ??ezlo ??galo ??ilah ??ival ??ivce ??ivci ??ivel ??ivem ??ive?? ??ivih ??ivim ??ivio ??ivi?? ??ivot ??lebu ??lica ??lice ??lico ??rela ??relo ??rtev ??rtve ??ulji ??upan ??ve??i ??vi??g angle?? an??etu be??ala be??ali be??ati be??ite bla??en bla??i?? bli??al bli??je bo??ala bo??ena bo??i??a bo??i??u bo??jem bo??jih bo??jim ??ude??e ??ude??i ??ude??u dele??a de??ela de??ele de??eli de??elo de??jem de??nik de??uje dol??an dol??na dol??ni dose??e do??ivi dra??il drobi?? dru??ba dru??be dru??bi dru??bo dru??il dru??in dru??no dr??ala dr??ale dr??ali dr??alo dr??ati dr??ava dr??ave dr??avi dr??avo dr??ijo dr??imo dr??ite fi??ola izka??e izra??a jo??efa ju??ino ju??nem ju??nih ka??ejo kra??em kri??an kri??em kri??ev kro??il la??ejo le??ala le??ale le??ali le??alo le??ati le??e??e le??e??i le??ijo le??ita mad??ar matja?? me??nar mlade?? mno??ic mo??aka mo??ato mo??nih mre??no najbr?? ne??nih ne??nim obdr??i oble??i odle??e odlo??i odre??e od??ene oro??ja oro??je oro??ju oto??en oto??na oto??ne oto??ni oto??no o??enil o??enim o??ivel o??ivil pape??a poka??e poka??i pole??e polo??i pose??e po??eli po??ene po??eni po??ira po??rla po??rli pri??ge reve??a reve??i re??ali re??ejo ro??ami ro??ice sade??i sede??a sede??e sede??u slu??ba slu??be slu??bi slu??bo slu??il slu??im slu??it sne??ni sne??no spro??i ste??aj ste??ka stra??a stra??e stra??i stra??o stre??e su??enj su??nja su??nji sve??em sve??ih te??ava te??ave te??avo te??ilo te??kem te??kih te??kim te??nje tola??i toma??a toma??u to??ijo to??ila to??ili to??iti tr??ani tr??nih ubo??ec u??itek u??itka u??ivaj u??ival u??ivam u??iva?? va??nih ve??nih vla??na vla??ne vla??ni vla??no vlo??il vo??nja vo??nje vo??nji vo??njo vra??je vr??ejo vzdol?? zadr??i ??alega zale??e ??alost ??ameta zami??i ??andar ??are??a ??are??e ??arela ??arele ??arelo zare??i ??arijo ??arkov zau??il za??ene za??gal zbe??al zdr??al ??ebelj ??eblji ??elela ??eleli ??eleti ??eleza ??elezo ??elijo ??elimo ??elite ??eljah ??eljan ??eljno ??enami ??enejo ??enica ??enice ??enico ??enina ??eninu ??eniti ??enska ??enske ??enski ??ensko ??ganja ??ganje ??ganju ??idane ??ivali ??ivcev ??iv??ne ??iv??ni ??iv??no ??ivega ??ivela ??ivele ??iveli ??ivelo ??ivemu ??iveti ??ive??a ??ivijo ??ivimi ??ivimo ??ivina ??ivine ??ivini ??ivino ??ivita ??ivite ??ivota ??ivotu zlo??il zmo??en zmo??ni ??upana ??upanu ??upnik ??ve??il ??vi??ga aborid??inskih izobra??evanje nepotrpe??ljiv pristri??enimi srame??ljivost ??enitovanjsko ??ivljenjskega nepotrpe??ljivo potrpe??ljivost srame??ljivosti potrpe??ljivosti potrpe??ljivostjo'),(4707,638,0,'displayType','int','1'),(4708,638,0,'lineLength','int','40'),(4709,638,0,'lineLengthWhole','int','53'),(4710,638,0,'markColor','string','000000'),(4711,638,0,'fontColor','string','223344'),(4712,638,0,'fontSize','int','50'),(4713,638,0,'cFontColor','string','000000'),(4714,638,0,'mFontColor','string','000000'),(4715,638,0,'cBackColor','string','FFF277'),(4716,638,0,'mBackColor','string','FF7C78'),(4717,638,0,'backgroundColor','string','ffffff'),(4718,638,0,'nacin','int','0'),(4719,639,0,'text','string','a b c ?? d e f g h i j k l m n o p r s ?? t u v z ??'),(4720,639,0,'displayType','int','5'),(4721,639,0,'lineLength','int','50'),(4722,639,0,'lineLengthWhole','int','53'),(4723,639,0,'markColor','string','000000'),(4724,639,0,'fontColor','string','223344'),(4725,639,0,'fontSize','int','50'),(4726,639,0,'cFontColor','string','000000'),(4727,639,0,'mFontColor','string','000000'),(4728,639,0,'cBackColor','string','FFF277'),(4729,639,0,'mBackColor','string','FF7C78'),(4730,639,0,'backgroundColor','string','ffffff'),(4731,639,0,'nacin','int','0'),(4771,643,0,'text','string','delfini so sesalci, ki ??ivijo v morju in so odli??ni plavalci. so dru??abne in igrive ??ivali. njihova telesa so popolnoma prilagojena ??ivljenju v vodi. telo je tako oblikovano, da z lahkoto drsijo skozi vodo. tudi dlake nimajo, ker bi jih ta ovirala pri plavanju. pred mrazom jih varuje plast ma????evje pod ko??o.  ??ivijo v jatah. radi ska??ejo iz vode ali spremljajo ladje. ponekod izvajajo tudi terapijo plavanja z delfini. orientirajo in sporazumevajo se z zvo??nimi signali. delfini imajo jezik, sestavljen iz razli??nih zvokov. drugim delfinom lahko povedo, kje je hrana ali jih opozorijo na nevarnosti. njihove klice ljudje lahko sli??imo, kadar so nad vodo, kadar so pod vodo pa ne. delfini oddajajo tudi posebne signale, s katerimi opazujejo okolico. v glavi imajo kepo ma????obe, skozi katero spu????ajo signale v okolico. ko ti signali zadenejo ob kak predmet, se odbijejo in se vrnejo nazaj k delfinu. delfin tako ve, kaj se nahaja v okolici. poznate ??ival po imenu jazbec spada po va??em mnenju v skupino zimskih zaspancev poglejmo jazbec je znan po svojih no??nih pohajanjih po navadi se giblje po??asi in previdno je dober plezalec ??e je treba tudi plava voh in sluh ima dobro razvita medtem ko vidi slab??e pozimi ve??inoma miruje v jazbini vendar to ni pravo zimsko spanje je le nekoliko bolj umirjen kot v drugih letnih ??asih zaradi veliko podko??ne tol????e dolgo zdr??i brez hrane jeseni in pozimi je povpre??na te??a jazbecev ve??ja kot spomladi pozimi zapu????a brlog tudi ko je zunaj globok sneg in hud mraz labirint samo jaz poznam pot iz njega  jazbe??evo podzemno domovanje je sestavljeno iz labirinta hodnikov in kotlov v katerih se sam odli??no znajde v bli??ini jazbine ima jazbec posebno latrino oziroma toaletne prostore kjer se iztreblja kaj bomo pa danes jedli jazbec od rastlinske hrane najraje posega po koreninah in gomoljih obo??uje tudi sadje razna ??ita jagodi??evje ??ir ??elod in druge plodove najve??ji dele?? v prehrani pa zavzemajo de??evniki ko se jazbe??ji mladi??i skotijo ostanejo pod zemljo v labirintnih rovih ??e kak??na dva meseca ??ivljenjska doba jazbeca je precej visoka in sicer lahko do??aka tudi do petnajst let kar petintrideset procentov ??ivali pa ne pre??ivi tretjega leta naravna sovra??nika jazbecev sta volk in ris'),(4772,643,0,'displayType','int','4'),(4773,643,0,'lineLength','int','50'),(4774,643,0,'lineLengthWhole','int','50'),(4775,643,0,'markColor','string','000000'),(4776,643,0,'fontColor','string','223344'),(4777,643,0,'fontSize','int','50'),(4778,643,0,'cFontColor','string','000000'),(4779,643,0,'mFontColor','string','000000'),(4780,643,0,'cBackColor','string','FFF277'),(4781,643,0,'mBackColor','string','FF7C78'),(4782,643,0,'backgroundColor','string','ffffff'),(4783,643,0,'nacin','int','0'),(4784,644,0,'instructions','string','Kopalni??ka zavesa ima luknjo. Katera slika jo zakrpa?'),(4785,644,0,'selectN','int','9'),(4786,644,0,'files','filelist','files/manjkajoci del/vzorec/sivinsko/metulj/metuj (1).svg|files/manjkajoci del/vzorec/sivinsko/metulj/metuj (10).svg|files/manjkajoci del/vzorec/sivinsko/metulj/metuj (2).svg|files/manjkajoci del/vzorec/sivinsko/metulj/metuj (3).svg|files/manjkajoci del/vzorec/sivinsko/metulj/metuj (5).svg|files/manjkajoci del/vzorec/sivinsko/metulj/metuj (6).svg|files/manjkajoci del/vzorec/sivinsko/metulj/metuj (4).svg|files/manjkajoci del/vzorec/sivinsko/metulj/metuj (7).svg|files/manjkajoci del/vzorec/sivinsko/metulj/metuj (8).svg|files/manjkajoci del/vzorec/sivinsko/metulj/metuj (9).svg'),(4787,644,0,'masks','filelist','files/manjkajoci del/izrez/krog.svg|files/manjkajoci del/izrez/kvadrat.svg|files/manjkajoci del/izrez/osemkotnik.svg'),(4788,645,0,'crke','stringlist','a|b|c|??|d|e|f|g|h|i|j|k|l|m|n|o|p|r|s|??|t|u|v|z|??'),(4789,645,0,'vrstaZacetneAbecede','int','0'),(4792,647,0,'besede','stringlist','sonce|maslo|jagoda|morje|korala|de??nik|medved|??olar|??istilo|ma??ka|??e??nja|vrti??ek|??ebula|??mrlj|vijak|trikot|zmaga|skodela|kostanj'),(4793,647,0,'vrstaZacetneAbecede','int','0'),(4794,648,0,'besede','stringlist','sonce|maslo|jagoda|morje|korala|de??nik|medved|??olar|??istilo|ma??ka|??e??nja|vrti??ek|??ebula|??mrlj|vijak|trikot|zmaga|skodela|kostanj'),(4795,648,0,'vrstaZacetneAbecede','int','1');
/*!40000 ALTER TABLE `zs_variable` ENABLE KEYS */;
UNLOCK TABLES;
/*!40103 SET TIME_ZONE=@OLD_TIME_ZONE */;

/*!40101 SET SQL_MODE=@OLD_SQL_MODE */;
/*!40014 SET FOREIGN_KEY_CHECKS=@OLD_FOREIGN_KEY_CHECKS */;
/*!40014 SET UNIQUE_CHECKS=@OLD_UNIQUE_CHECKS */;
/*!40101 SET CHARACTER_SET_CLIENT=@OLD_CHARACTER_SET_CLIENT */;
/*!40101 SET CHARACTER_SET_RESULTS=@OLD_CHARACTER_SET_RESULTS */;
/*!40101 SET COLLATION_CONNECTION=@OLD_COLLATION_CONNECTION */;
/*!40111 SET SQL_NOTES=@OLD_SQL_NOTES */;

-- Dump completed on 2015-10-09 12:29:52